"","cz","czname","state","pop","theta25","theta75","se25","se75","stayer25","stayer75"
"1",100,"Johnson City","TN",576081,-0.416117757558823,0.074623242020607,0.272707015275955,0.364410698413849,42.2669830322266,56.8357162475586
"2",200,"Morristown","TN",227816,-0.0433911867439747,-0.208657473325729,0.265803128480911,0.411986261606216,42.6495475769043,58.0882034301758
"3",301,"Middlesborough","TN",66708,0.428451865911484,-0.193699300289154,0.577737927436829,1.29942286014557,42.4433441162109,58.5008583068848
"4",302,"Knoxville","TN",727600,-0.0549396872520447,-0.141834825277328,0.187324166297913,0.205629795789719,42.0076065063477,56.3618392944336
"5",401,"Winston-Salem","NC",493180,-0.442659169435501,-0.307532340288162,0.200945615768433,0.217589184641838,40.2420806884766,56.0438232421875
"6",402,"Martinsville","VA",92753,-0.470204263925552,1.05354678630829,0.410703003406525,0.923290967941284,41.3023414611816,60.4417839050293
"7",500,"Greensboro","NC",1055133,-0.346960425376892,-0.215975925326347,0.134361580014229,0.152184084057808,39.2301750183105,56.4004096984863
"8",601,"North Wilkesboro","NC",90016,0.236713737249374,-0.875870287418365,0.518673956394196,0.853228032588959,42.5645904541016,59.5413360595703
"9",602,"Galax","VA",64676,-1.08544337749481,-1.12612056732178,0.805654287338257,1.41353738307953,45.6661796569824,62.3513641357422
"10",700,"Spartanburg","SC",354533,-0.233481779694557,0.0241870656609535,0.242791384458542,0.314410597085953,39.833927154541,57.6270065307617
"11",800,"Gastonia","NC",413331,-0.401897817850113,-0.277219831943512,0.180621892213821,0.241826429963112,39.1939353942871,57.4416923522949
"12",900,"Charlotte","NC",1423942,-0.247814312577248,-0.227359443902969,0.0954270139336586,0.0947409048676491,39.0105361938477,56.0606269836426
"13",1001,"Boone","NC",77361,0.860114216804504,0.0962697267532349,0.648701786994934,0.933146834373474,44.0810928344727,55.8148193359375
"14",1002,"Morganton","NC",164760,-0.385716021060944,0.651535868644714,0.369398057460785,0.583967268466949,41.9512138366699,58.1357307434082
"15",1100,"Hickory","NC",375363,-0.00732092838734388,-0.210257202386856,0.211444392800331,0.233495071530342,40.6144180297852,57.5516967773438
"16",1201,"Franklin","NC",44861,-0.692810237407684,0.339254677295685,1.21089887619019,1.10265064239502,44.6430282592773,58.3351669311523
"17",1202,"Sylva","NC",54082,0.692243278026581,-0.962970018386841,0.888493061065674,1.46239721775055,45.6208953857422,58.0934295654297
"18",1203,"Asheville","NC",398505,-0.424808531999588,0.284230500459671,0.217125669121742,0.229466259479523,42.5203857421875,56.1562690734863
"19",1204,"Andrews","NC",59681,-0.171723380684853,0.482045382261276,0.868419051170349,0.786633014678955,45.500789642334,57.6441078186035
"20",1301,"Bennettsville","SC",71586,0.0521544255316257,0.430973261594772,0.323464453220367,0.831479251384735,37.424690246582,57.117992401123
"21",1302,"Florence","SC",548986,-0.205154716968536,-0.500118613243103,0.163452804088593,0.204710245132446,38.1213912963867,55.5190849304199
"22",1400,"Fayetteville","NC",644101,-0.241048693656921,-0.297133982181549,0.139397159218788,0.206203505396843,36.9567108154297,53.5997734069824
"23",1500,"Wilmington","NC",361559,-0.381173819303513,-0.351324200630188,0.166047170758247,0.208372756838799,38.3652458190918,54.000358581543
"24",1600,"Wilson","NC",216840,0.0726111382246017,0.154677599668503,0.243355050683022,0.392911672592163,37.3006248474121,56.717098236084
"25",1701,"Raleigh","NC",1412127,-0.277868628501892,-0.284255892038345,0.11249341070652,0.098849706351757,39.6836433410645,55.336238861084
"26",1702,"Henderson","NC",62926,-0.566818594932556,-1.13228237628937,0.398115694522858,0.823388278484344,36.8924674987793,58.2892875671387
"27",1800,"Goldsboro","NC",222553,-0.0539197325706482,0.128341391682625,0.239443600177765,0.365612864494324,40.6579055786133,58.6327056884766
"28",1900,"Jacksonville","NC",536909,0.297890067100525,0.0344849526882172,0.160087153315544,0.209288388490677,39.8404693603516,56.017391204834
"29",2000,"Virginia Beach","VA",1119468,-0.159729093313217,0.0319169089198112,0.109007060527802,0.123496159911156,40.1735153198242,56.4630355834961
"30",2100,"Washington","NC",124216,0.0373945347964764,0.0287725944072008,0.306108206510544,0.463946729898453,39.679069519043,57.0549163818359
"31",2200,"South Boston","VA",158234,0.0127205653116107,-0.481139540672302,0.2951500415802,0.414948970079422,40.8262367248535,61.758731842041
"32",2300,"Lynchburg","VA",228616,-0.0903830751776695,0.30580198764801,0.310185134410858,0.351568251848221,42.0366592407227,60.1137390136719
"33",2400,"Richmond","VA",1040192,-0.0106574390083551,0.100834555923939,0.152711048722267,0.131435498595238,40.0687217712402,57.2734527587891
"34",2500,"Newport News","VA",570854,0.0642917528748512,-0.234322160482407,0.177043989300728,0.176736071705818,41.045337677002,58.2776870727539
"35",2600,"Roanoke Rapids","NC",139055,0.3346047103405,0.407975107431412,0.287495702505112,0.574036955833435,38.1820640563965,58.1202163696289
"36",2700,"Gulfport","MS",458674,-0.099745936691761,-0.0686310827732086,0.225943312048912,0.277556777000427,42.4346122741699,56.986198425293
"37",2800,"Laurel","MS",120505,0.127905711531639,0.136025324463844,0.440981924533844,0.940304219722748,43.0938529968262,62.7965087890625
"38",2900,"Hattiesburg","MS",157181,-0.361856877803802,-0.426299750804901,0.334634333848953,0.58245712518692,41.4006996154785,59.3597717285156
"39",3001,"Kosciusko","MS",41270,-0.44782018661499,1.20681154727936,0.608084082603455,1.25534319877625,38.5401306152344,60.8366546630859
"40",3002,"Yazoo City","MS",39355,-0.571776628494263,0.50974178314209,0.543349623680115,1.461580991745,36.1793518066406,58.6553077697754
"41",3003,"Jackson","MS",546560,-0.325572282075882,0.236748233437538,0.180686801671982,0.324558854103088,38.1875801086426,56.5917892456055
"42",3101,"McComb","MS",103602,-0.281987071037292,0.64491868019104,0.39178067445755,0.728622436523438,41.9440460205078,62.1517143249512
"43",3102,"Brookhaven","MS",46424,-0.536125838756561,-0.0666841119527817,0.580504775047302,0.936635375022888,44.0329399108887,64.9273529052734
"44",3201,"Jena","LA",25202,0.0518267564475536,0.133243277668953,1.02625167369843,1.81188344955444,50.9176025390625,71.7130126953125
"45",3202,"Natchez","MS",69653,0.155533656477928,0.341792225837708,0.634980082511902,1.37364399433136,40.201301574707,59.0954170227051
"46",3203,"Vicksburg","MS",84943,-0.261404246091843,0.733293473720551,0.519866585731506,0.968119144439697,36.6212348937988,55.6232299804688
"47",3300,"New Orleans","LA",1381652,-0.39138251543045,-0.0406145937740803,0.11141712218523,0.136787965893745,40.5813102722168,55.8207130432129
"48",3400,"Houma","LA",271365,0.119295343756676,0.134617120027542,0.231085866689682,0.3724485039711,45.8469772338867,63.9710884094238
"49",3500,"Baton Rouge","LA",806561,-0.366376757621765,0.127705961465836,0.143241956830025,0.194782882928848,41.2968940734863,58.7815322875977
"50",3600,"Alexandria","LA",186516,-0.481098860502243,-0.546140611171722,0.320233881473541,0.488669186830521,42.4886779785156,61.1984672546387
"51",3700,"Lake Charles","LA",335960,0.324126303195953,-0.0213404148817062,0.26580023765564,0.365717470645905,45.6353416442871,59.6755180358887
"52",3800,"Lafayette","LA",548154,0.0336370356380939,-0.175426602363586,0.208713233470917,0.255419373512268,44.5041847229004,60.6782379150391
"53",3901,"Monroe","LA",253878,0.341595262289047,0.648758113384247,0.258968770503998,0.517862021923065,39.433952331543,58.5656700134277
"54",3902,"Lake Providence","LA",21735,NA,NA,NA,NA,40.7645721435547,64.7747497558594
"55",4001,"Magnolia","AR",34162,-0.152941390872002,-1.59575545787811,0.734440207481384,1.38621711730957,39.8015632629395,62.5205307006836
"56",4002,"Shreveport","LA",499101,0.148044735193253,0.205701187252998,0.17603687942028,0.30801397562027,39.6791763305664,58.8642196655273
"57",4003,"Ruston","LA",74800,0.471124023199081,0.262844264507294,0.406436592340469,0.800742506980896,41.3851928710938,61.6357269287109
"58",4004,"Many","LA",23459,NA,NA,NA,NA,45.9324569702148,68.0219192504883
"59",4101,"Crossett","AR",24209,NA,NA,NA,NA,42.1164894104004,59.5858993530273
"60",4102,"Pine Bluff","AR",168122,0.359878391027451,0.399373739957809,0.484243452548981,0.696340024471283,38.8298377990723,57.9134178161621
"61",4103,"El Dorado","AR",89373,0.980798721313477,1.65491712093353,0.495973348617554,0.868616223335266,40.5247001647949,59.8286399841309
"62",4200,"Little Rock","AR",630854,0.0952640101313591,0.263985842466354,0.203239694237709,0.315690845251083,40.7817802429199,57.4191398620605
"63",4301,"Stuttgart","AR",40542,0.546794831752777,-0.221339866518974,0.528737485408783,1.18369805812836,42.2092781066895,61.6220970153809
"64",4302,"Searcy","AR",94324,1.06293714046478,0.555858016014099,0.434070289134979,0.610904395580292,45.7749176025391,61.0020141601562
"65",4401,"London","KY",144931,0.255430549383163,0.512812972068787,0.427158206701279,0.713434100151062,43.0974273681641,56.6561279296875
"66",4402,"Richmond","KY",116256,0.829845786094666,1.31720435619354,0.454362958669662,0.576582908630371,43.9216613769531,57.4629135131836
"67",4501,"West Liberty","KY",49887,0.971242487430573,1.39080321788788,0.917104184627533,1.80751013755798,43.3931732177734,58.3817825317383
"68",4502,"Hazard","KY",117919,1.16847908496857,0.17761504650116,0.703603029251099,1.0149347782135,47.0872917175293,58.0034980773926
"69",4601,"Campbellsville","KY",83451,-0.0491042174398899,-0.936032593250275,0.559744715690613,1.4144035577774,46.8482093811035,61.3967208862305
"70",4602,"Somerset","KY",123981,0.916591286659241,1.02901983261108,0.533931612968445,1.21594309806824,43.6916885375977,58.5440406799316
"71",4701,"Greenwood","MS",84168,-0.295082241296768,0.720891952514648,0.462370216846466,1.10088467597961,36.1300582885742,58.2606658935547
"72",4702,"Clarksdale","MS",141711,-0.083589643239975,0.81166535615921,0.309358805418015,0.542665600776672,35.683032989502,56.5722122192383
"73",4800,"Greenville","MS",146833,0.298462688922882,1.68122816085815,0.283467322587967,0.820452809333801,34.0500755310059,53.1837997436523
"74",4901,"Jackson","TN",198166,-0.531529486179352,-0.164094418287277,0.316065490245819,0.566039860248566,39.172908782959,58.6756591796875
"75",4902,"Dyersburg","TN",92131,-0.507087707519531,-0.387294769287109,0.433115214109421,0.783851265907288,38.836727142334,59.5637474060059
"76",4903,"Lexington","TN",44884,-0.853943943977356,0.260713666677475,0.935048997402191,1.37207269668579,47.0053863525391,60.6931533813477
"77",5000,"Tupelo","MS",197774,0.0335629731416702,-0.832017421722412,0.332395702600479,0.6102454662323,40.0063362121582,59.5303573608398
"78",5100,"Corinth","MS",129508,-0.00453334534540772,0.312114000320435,0.41676864027977,0.716320991516113,44.0678863525391,60.6600036621094
"79",5201,"New Albany","MS",54214,0.58488130569458,0.289576053619385,0.438321471214294,0.79160463809967,44.5088043212891,63.8504791259766
"80",5202,"Memphis","TN",1154338,-0.120905503630638,0.178358629345894,0.143396750092506,0.149889931082726,36.0600090026855,54.0265045166016
"81",5300,"West Memphis","AR",138746,-0.122356995940208,-0.401933223009109,0.288617849349976,0.46575003862381,36.9450263977051,57.3671379089355
"82",5401,"Bowling Green","KY",164944,-0.0496230125427246,0.223745867609978,0.407768070697784,0.663066804409027,44.0419921875,58.0421905517578
"83",5402,"Glasgow","KY",92394,-0.276519805192947,0.081423819065094,0.486084878444672,1.09993016719818,45.8515701293945,61.2695541381836
"84",5500,"Columbia","TN",159374,-0.467447996139526,-0.0310578849166632,0.29169088602066,0.367677688598633,43.1653137207031,57.2348365783691
"85",5600,"Nashville","TN",1246338,-0.0411497503519058,0.131145983934402,0.142965033650398,0.139980658888817,41.2727317810059,56.3200416564941
"86",5700,"Tullahoma","TN",130610,-0.564595282077789,0.37771287560463,0.385483384132385,0.535488069057465,44.157543182373,59.0928039550781
"87",5800,"Dickson","TN",138212,-0.69182950258255,0.263889729976654,0.388166040182114,0.451808601617813,44.3338088989258,59.868782043457
"88",5900,"Clarksville","TN",252059,0.231160387396812,-0.145743787288666,0.443711012601852,0.537389636039734,41.6849365234375,57.410701751709
"89",6000,"Huntsville","AL",519583,-0.221697092056274,0.0442044921219349,0.226195737719536,0.205341324210167,41.8928909301758,57.5083274841309
"90",6100,"Gadsden","AL",304068,-0.182095766067505,0.100771643221378,0.241066515445709,0.296885788440704,45.4064674377441,61.1107978820801
"91",6200,"Florence","AL",230941,-0.432168185710907,-0.146181672811508,0.337999194860458,0.533832192420959,45.23974609375,60.0656776428223
"92",6301,"McMinnville","TN",84309,0.502921581268311,0.475672900676727,0.439665913581848,0.687005579471588,43.4893684387207,59.4215087890625
"93",6302,"Cookeville","TN",98362,0.653814733028412,-0.0935665667057037,0.453522711992264,0.669038653373718,45.9095115661621,57.8428115844727
"94",6401,"Chattanooga","TN",490863,-0.0241931509226561,0.25354927778244,0.259930729866028,0.287836045026779,40.4162940979004,56.000244140625
"95",6402,"Crossville","TN",104194,0.424110651016235,1.37405610084534,0.437552720308304,0.834239065647125,45.4993209838867,60.4971694946289
"96",6501,"Ellijay","GA",43254,-0.789426505565643,-0.29977548122406,0.630438268184662,0.664856970310211,44.1136093139648,59.1317939758301
"97",6502,"Cleveland","TN",203077,0.200214803218842,0.0101202325895429,0.31045401096344,0.495384842157364,43.0562896728516,57.9191360473633
"98",6600,"Rome","GA",418304,-0.283364742994308,-0.0267878267914057,0.222547575831413,0.255346029996872,42.0923957824707,57.0589447021484
"99",6700,"Tampa","FL",2395997,-0.137721985578537,-0.231558844447136,0.0606485120952129,0.0860249772667885,42.1892967224121,54.7833709716797
"100",6800,"Lakeland","FL",598228,-0.120708115398884,-0.127934709191322,0.142853081226349,0.210355639457703,43.0643196105957,58.0184440612793
"101",6900,"Sarasota","FL",763795,-0.25888204574585,-0.0607668571174145,0.146020904183388,0.13860222697258,42.819881439209,54.7418174743652
"102",7000,"Miami","FL",3955969,-0.0206315834075212,-0.236687362194061,0.0531811937689781,0.077533982694149,43.2762680053711,52.4187278747559
"103",7100,"Port St. Lucie","FL",1533306,-0.262513875961304,-0.423450350761414,0.0826775729656219,0.0963700488209724,41.5437850952148,53.4600677490234
"104",7200,"Cape Coral","FL",692265,-0.121107622981071,-0.169062048196793,0.137552052736282,0.127823770046234,43.1677360534668,55.5508193969727
"105",7300,"Palm Bay","FL",589177,-0.221348747611046,-0.218716412782669,0.123989373445511,0.169998705387115,42.3574447631836,54.3660736083984
"106",7400,"Orlando","FL",1697906,-0.188503190875053,-0.311877965927124,0.072423979640007,0.0898611471056938,42.1606216430664,54.9559593200684
"107",7500,"Deltona","FL",563598,-0.348799020051956,-0.375595450401306,0.112730540335178,0.179779827594757,42.1020774841309,54.5365180969238
"108",7600,"Jacksonville","FL",1176696,0.0501581393182278,-0.106531046330929,0.0947331711649895,0.118573844432831,40.810863494873,55.7043762207031
"109",7700,"Lake City","FL",149695,0.0222574211657047,1.49604845046997,0.279755026102066,0.499704241752625,42.5217437744141,59.7896156311035
"110",7800,"Ocala","FL",377001,0.171688482165337,0.108679659664631,0.186879828572273,0.228743001818657,42.6954078674316,56.2847290039062
"111",7900,"Gainesville","FL",320199,0.0440575554966927,0.280204057693481,0.179342895746231,0.314806073904037,41.4947776794434,54.5265998840332
"112",8000,"Sumter","SC",209914,-0.196464031934738,-0.50841236114502,0.286674320697784,0.415909975767136,38.7145652770996,56.4677848815918
"113",8100,"Columbia","SC",722201,-0.163734450936317,-0.0924041047692299,0.139078974723816,0.189194008708,38.6010246276855,55.6417846679688
"114",8201,"Barnwell","SC",72733,-0.0624106489121914,1.24941205978394,0.328892678022385,0.708635687828064,37.803295135498,56.8526229858398
"115",8202,"Charleston","SC",587297,-0.0800138935446739,-0.351956367492676,0.150580078363419,0.195296451449394,40.1856651306152,55.0502395629883
"116",8300,"Greenville","SC",894291,-0.333826154470444,-0.354812741279602,0.168871447443962,0.163924992084503,40.5228538513184,56.6275177001953
"117",8401,"Aiken","GA",525842,-0.235922232270241,-0.350537151098251,0.188166067004204,0.254039108753204,37.8668251037598,53.9375305175781
"118",8402,"Washington","GA",35518,-0.353929668664932,0.831600248813629,0.518209099769592,0.694224894046783,37.3953475952148,58.0361099243164
"119",8501,"Fitzgerald","GA",27415,-0.197949424386024,1.09776329994202,0.990509986877441,2.49543070793152,40.1782531738281,58.0304832458496
"120",8502,"Cordele","GA",42098,0.287686139345169,2.41465377807617,0.615865051746368,1.231041431427,37.7860641479492,56.5676612854004
"121",8503,"Valdosta","GA",241530,-0.343873232603073,-0.164401471614838,0.297067433595657,0.537069141864777,38.8155288696289,56.5464401245117
"122",8601,"Waycross","GA",113122,-0.543403327465057,0.0519465394318104,0.384643644094467,0.777469217777252,40.8311462402344,57.9652557373047
"123",8602,"Brunswick","GA",93044,-0.736932456493378,-0.321803659200668,0.434951424598694,0.710159003734589,39.384937286377,52.6658782958984
"124",8701,"Hinesville","GA",131279,-0.277723550796509,0.84723162651062,0.318715840578079,0.557296097278595,40.0732841491699,56.8762168884277
"125",8702,"Statesboro","GA",111346,-0.325355380773544,-1.41679346561432,0.315619647502899,0.660513281822205,38.9797134399414,57.3049278259277
"126",8800,"Savannah","GA",434615,-0.164446875452995,0.0326464511454105,0.197175160050392,0.229949682950974,39.3088264465332,53.8769645690918
"127",8900,"Macon","GA",386870,0.191630482673645,-0.0799686163663864,0.228335499763489,0.335155099630356,37.9220237731934,54.7639007568359
"128",9001,"Vidalia","GA",108438,-0.408588767051697,-0.406381130218506,0.407942116260529,1.14188611507416,41.687313079834,59.4881896972656
"129",9002,"Milledgeville","GA",83808,-0.584476232528687,-0.233463928103447,0.426071643829346,0.650996685028076,36.0884437561035,53.1408424377441
"130",9003,"Dublin","GA",74610,-0.790497303009033,-1.30423581600189,0.444080799818039,1.19784212112427,38.0052871704102,56.3245468139648
"131",9100,"Atlanta","GA",3798017,-0.0932453721761703,0.0613514520227909,0.0505367927253246,0.0596908964216709,38.2457580566406,52.6753425598145
"132",9200,"Griffin","GA",135136,-0.15305469930172,0.0827570408582687,0.227648571133614,0.36502468585968,38.7324981689453,56.8930549621582
"133",9301,"Winder","GA",212223,-0.207253560423851,0.363545089960098,0.242433145642281,0.308282077312469,37.7047119140625,53.7016944885254
"134",9302,"Toccoa","GA",89228,-0.445341885089874,-0.327927321195602,0.457157880067825,0.605733275413513,41.7285614013672,59.0969734191895
"135",9400,"Gainesville","GA",272150,-0.101304195821285,-0.407242655754089,0.24605718255043,0.216858446598053,44.6582641601562,57.7980422973633
"136",9500,"Talladega","AL",148252,0.558090269565582,0.03358119353652,0.279050409793854,0.513800382614136,40.5894393920898,60.0294189453125
"137",9600,"LaGrange","GA",457299,-0.21303690969944,-0.0284691900014877,0.147347494959831,0.204920470714569,41.3334045410156,58.0353469848633
"138",9701,"Columbus","GA",303656,0.0495009832084179,0.263645738363266,0.240076720714569,0.430697560310364,37.7025489807129,54.1601715087891
"139",9702,"Americus","GA",65826,-0.326805830001831,-0.128288254141808,0.499254107475281,1.12006425857544,37.047924041748,55.2745742797852
"140",9800,"Auburn","AL",150911,0.0946900248527527,0.441540360450745,0.323954641819,0.457883536815643,37.9875946044922,55.2925224304199
"141",9900,"Tallahassee","FL",426634,0.252308994531631,-0.20316955447197,0.20361302793026,0.318908125162125,40.1858367919922,55.472827911377
"142",10000,"Panama City","FL",172606,-0.155329629778862,0.185908198356628,0.359494030475616,0.570078432559967,43.3665504455566,58.3264503479004
"143",10101,"Bainbridge","GA",43992,0.603165030479431,-1.71482300758362,1.02568578720093,2.8675684928894,38.6345100402832,55.5645751953125
"144",10102,"Thomasville","GA",66396,0.0576327703893185,1.00597548484802,0.535864531993866,1.0718834400177,39.4303092956543,57.8444366455078
"145",10200,"Albany","GA",181765,0.297487586736679,-1.25165605545044,0.327386438846588,0.581616282463074,35.9301986694336,52.8508605957031
"146",10301,"Eufaula","GA",61458,0.1801468282938,-0.971159219741821,0.550385653972626,1.50166022777557,36.9419746398926,58.7093162536621
"147",10302,"Dothan","AL",223605,0.462902754545212,0.810076534748077,0.312393397092819,0.520386934280396,42.0824394226074,59.531608581543
"148",10400,"Meridian","MS",157091,-0.49383932352066,-0.0906791910529137,0.413654059171677,0.866101086139679,39.5820426940918,61.3351593017578
"149",10501,"Columbus","MS",95083,-0.016376780346036,-0.624958157539368,0.4328872859478,1.12933254241943,37.6284217834473,59.3153991699219
"150",10502,"Starkville","MS",105093,-0.0500961244106293,-1.3688770532608,0.414979010820389,0.838866710662842,36.8937339782715,58.2890777587891
"151",10600,"Jasper","AL",161169,-0.688408732414246,0.20076322555542,0.378269761800766,0.558352887630463,46.3526725769043,62.756290435791
"152",10700,"Birmingham","AL",1038182,-0.049171794205904,0.189752846956253,0.17147459089756,0.173424854874611,40.8559036254883,57.4865837097168
"153",10801,"Tuscaloosa","AL",261112,0.0275406241416931,-0.0266685634851456,0.243147000670433,0.360097765922546,39.1291465759277,58.3507270812988
"154",10802,"Demopolis","AL",63233,-0.0723718926310539,0.286511689424515,0.420946657657623,1.15650689601898,38.9546775817871,58.6327705383301
"155",10900,"Pensacola","FL",623252,-0.135874032974243,-0.0521168112754822,0.152076885104179,0.189302057027817,42.4776229858398,57.0821113586426
"156",11001,"Mobile","AL",599405,0.0394571572542191,0.0428243093192577,0.214414000511169,0.247994512319565,40.9885025024414,57.6457672119141
"157",11002,"Atmore","AL",76853,-0.282411485910416,1.30360150337219,0.483993709087372,0.86385440826416,41.8965797424316,59.8344459533691
"158",11101,"Montgomery","AL",367927,0.31593456864357,0.196722805500031,0.267166018486023,0.314357578754425,39.188404083252,57.475700378418
"159",11102,"Troy","AL",80901,0.417726457118988,0.631318390369415,0.476948887109756,1.08672094345093,45.0470390319824,63.0982208251953
"160",11201,"Bluefield","VA",199334,0.26115894317627,0.0489438660442829,0.425646901130676,0.690524637699127,47.8359146118164,60.7881660461426
"161",11202,"Welch","WV",53037,1.68153440952301,1.73321080207825,0.709919393062592,1.31088268756866,49.3226280212402,60.7854194641113
"162",11203,"Big Stone Gap","VA",84011,0.229844033718109,2.77178812026978,0.557895123958588,1.15263855457306,47.6864585876465,61.0985069274902
"163",11301,"Fredericksburg","VA",241044,-0.21860958635807,0.0525927469134331,0.236645847558975,0.197138577699661,45.6210861206055,59.5441093444824
"164",11302,"Baltimore","MD",2512431,-0.067904144525528,0.119629770517349,0.116211496293545,0.0779010057449341,40.7333221435547,58.7887535095215
"165",11303,"Colonial Beach","VA",59342,0.101843073964119,-0.270801872014999,0.531583547592163,0.515322864055634,41.4565277099609,58.7078056335449
"166",11304,"Washington DC","DC",4632415,0.163461312651634,0.139176294207573,0.0671579018235207,0.0519922189414501,45.104866027832,57.5815238952637
"167",11401,"Marquette","MI",121919,0.467795193195343,1.08429741859436,0.65110194683075,0.648595631122589,44.2175712585449,56.2899971008301
"168",11402,"Marinette","MI",114408,0.413571268320084,0.498367220163345,0.51471471786499,0.510047197341919,48.7498016357422,60.570629119873
"169",11403,"Sault Ste. Marie","MI",57510,1.41961300373077,0.110676854848862,0.88712352514267,1.14575409889221,44.6073036193848,55.8930397033691
"170",11500,"Jackson","MI",303839,0.161021202802658,-0.120990484952927,0.258148670196533,0.224344030022621,42.5373382568359,56.7290992736816
"171",11600,"Detroit","MI",5327827,-0.0920152738690376,-0.0126260910183191,0.0729996487498283,0.0775344967842102,38.6236839294434,53.1394195556641
"172",11700,"Lansing","MI",447728,0.00303616025485098,0.236193776130676,0.225765883922577,0.225198432803154,41.9561805725098,55.3293647766113
"173",11800,"Mount Pleasant","MI",136888,0.0376631207764149,-0.158369988203049,0.336705803871155,0.407262563705444,44.1448097229004,58.5333290100098
"174",11900,"Saginaw","MI",540707,0.237136617302895,0.212411001324654,0.209286063909531,0.202889174222946,42.1173973083496,56.3256950378418
"175",12001,"Big Rapids","MI",120045,0.0317591689527035,-0.115348845720291,0.28364959359169,0.385106950998306,44.320484161377,58.4750747680664
"176",12002,"Ludington","MI",52801,-0.650315880775452,-0.300651639699936,0.438288599252701,0.584737777709961,44.7522888183594,56.9899940490723
"177",12100,"Kalamazoo","MI",509606,0.0108093777671456,0.0720110535621643,0.181235656142235,0.228568524122238,40.8287734985352,55.8065490722656
"178",12200,"Grand Rapids","MI",1286045,0.023812061175704,0.195341199636459,0.14389331638813,0.146956130862236,42.9163780212402,58.9034805297852
"179",12301,"Traverse City","MI",154452,-0.243083998560905,0.141376361250877,0.38059988617897,0.31984606385231,45.1371307373047,55.1912841796875
"180",12302,"Petoskey","MI",83975,-0.280651271343231,0.146296665072441,0.429674178361893,0.473816305398941,43.9211196899414,54.4018745422363
"181",12401,"Alpena","MI",84783,-0.285334914922714,-0.173564702272415,0.45477506518364,0.585546433925629,44.3569183349609,57.8704795837402
"182",12402,"Grayling charter","MI",104421,0.197740077972412,-0.460826009511948,0.311336398124695,0.295010656118393,43.1506958007812,56.7521018981934
"183",12501,"Dayton","OH",1179009,0.0978154689073563,0.0999190881848335,0.161315634846687,0.174903213977814,41.2766036987305,57.7234497070312
"184",12502,"Washington Court House","OH",109851,-0.137350976467133,-0.137136489152908,0.300942689180374,0.398474663496017,44.2632293701172,58.7076950073242
"185",12600,"Wayne","IN",104034,-0.0728570073843002,-0.307408511638641,0.498697876930237,0.586260080337524,41.587230682373,58.0647926330566
"186",12701,"Cincinnati","OH",1954800,0.0301531981676817,0.272646367549896,0.1423569470644,0.11347958445549,40.7835578918457,58.2856101989746
"187",12702,"Maysville","KY",52963,0.928109169006348,0.638293981552124,0.507795810699463,0.753003776073456,44.0647239685059,60.3353691101074
"188",12800,"Washington","IN",134026,-0.789906799793243,-0.553309142589569,0.283115267753601,0.295346528291702,49.6084861755371,62.1591186523438
"189",12901,"Lexington-Fayette","KY",525970,0.457862287759781,-0.099653922021389,0.284558892250061,0.282316893339157,40.1567039489746,55.0231056213379
"190",12902,"Mount Sterling","KY",40195,0.89756840467453,0.280839323997498,0.559067904949188,0.963121175765991,42.182258605957,57.0590629577637
"191",12903,"Danville","KY",86667,0.761584520339966,0.447287023067474,0.473308652639389,0.670178174972534,44.602481842041,58.6233863830566
"192",13000,"Elizabethtown","KY",176597,0.0260022301226854,0.399253219366074,0.319856405258179,0.461784809827805,47.0560035705566,59.7086067199707
"193",13101,"Louisville","KY",1100767,0.119730047881603,0.116946361958981,0.203973561525345,0.172915413975716,40.4817123413086,56.7989234924316
"194",13102,"Madison","IN",49985,0.413346022367477,-0.0204600114375353,0.478080868721008,0.905274212360382,47.3440055847168,61.1543922424316
"195",13103,"Bardstown","KY",66605,0.150540396571159,0.684580206871033,0.43923032283783,0.68055123090744,48.1783332824707,61.9570693969727
"196",13200,"Owensboro","KY",177640,0.0897242203354836,-0.0534503869712353,0.408503353595734,0.590614914894104,46.2939186096191,62.0367851257324
"197",13300,"Findlay","OH",246623,0.644804894924164,0.930683016777039,0.27369150519371,0.365381300449371,47.4056243896484,61.0083198547363
"198",13400,"Lima","OH",260393,0.673248291015625,0.999915659427643,0.367574363946915,0.368100613355637,48.849781036377,64.4015960693359
"199",13501,"Toledo","OH",834343,0.0870117992162704,0.131702914834023,0.188595309853554,0.203193694353104,40.8428726196289,56.6904716491699
"200",13502,"Defiance","OH",98981,0.493789076805115,0.325264453887939,0.489795446395874,0.548344790935516,48.7957992553711,61.180492401123
"201",13600,"South Bend","IN",657906,-0.249602034687996,0.12691156566143,0.172656685113907,0.213007062673569,42.0642280578613,58.0026206970215
"202",13700,"Concord","IN",372184,0.212362691760063,0.12413601577282,0.223690003156662,0.267457187175751,48.4413642883301,60.7259864807129
"203",13800,"Wayne","IN",129528,0.163435563445091,0.541437387466431,0.40803474187851,0.417241722345352,48.3558807373047,61.8326416015625
"204",13900,"Center","IN",192308,0.387122303247452,0.518865346908569,0.372907221317291,0.348542958498001,44.5326919555664,58.6487426757812
"205",14000,"Muncie","IN",415487,-0.138267308473587,0.211393609642982,0.292760014533997,0.29523503780365,41.984058380127,58.0223808288574
"206",14100,"Fort Wayne","IN",557161,-0.0920696407556534,0.17511397600174,0.272621184587479,0.235934749245644,44.2174873352051,59.8636741638184
"207",14200,"Indianapolis","IN",1507346,-0.0590169094502926,-0.153953209519386,0.145759105682373,0.109824188053608,40.2084732055664,57.5315628051758
"208",14300,"Columbus","IN",163284,-0.0221377294510603,-0.467719733715057,0.329244315624237,0.449235320091248,45.7082633972168,60.8284225463867
"209",14400,"Terre Haute","IN",261832,0.0901499465107918,-0.0673621594905853,0.312208443880081,0.347674876451492,45.5536460876465,60.7422180175781
"210",14500,"Lafayette","IN",347966,0.459137976169586,0.701359748840332,0.274656593799591,0.286107808351517,46.6031913757324,60.4749717712402
"211",14600,"Bloomington","IN",280923,0.540514707565308,0.401539772748947,0.326471477746964,0.345839560031891,46.8461837768555,59.7269821166992
"212",14700,"Evansville","IN",388604,0.388555228710175,0.257390588521957,0.392000377178192,0.340172410011292,46.9469413757324,63.5179634094238
"213",14801,"Olney","IL",55642,0.523930490016937,0.746205508708954,0.871285021305084,1.06733739376068,51.5279426574707,65.8642120361328
"214",14802,"Vincennes","IN",54708,-0.34004744887352,2.13093829154968,1.08107483386993,1.08021914958954,48.9060096740723,64.3947143554688
"215",14900,"Gary","IN",675971,0.0247044004499912,0.0150953819975257,0.144925281405449,0.15750615298748,42.4297676086426,57.4717788696289
"216",15000,"Canton","OH",700866,0.159132733941078,0.114126570522785,0.188506156206131,0.217614725232124,44.7539558410645,60.071891784668
"217",15100,"Lorain","OH",423702,0.0359304584562778,-0.127890661358833,0.194461271166801,0.211960479617119,42.0598793029785,57.1318283081055
"218",15200,"Cleveland","OH",2661167,0.123652413487434,0.055718544870615,0.100241683423519,0.100622095167637,39.870002746582,56.3700408935547
"219",15300,"Parkersburg","WV",202967,-0.045847337692976,-0.136940836906433,0.418850272893906,0.58413428068161,44.602409362793,59.0460433959961
"220",15400,"Zanesville","OH",188410,0.252705752849579,0.280449509620667,0.308365494012833,0.409225821495056,44.5304412841797,61.3008766174316
"221",15500,"Steubenville","OH",132008,0.128586113452911,0.499419063329697,0.379858940839767,0.650020778179169,42.9844779968262,59.1253776550293
"222",15600,"Wheeling","WV",195637,0.666175603866577,0.890189707279205,0.503941535949707,0.698895990848541,45.8437385559082,59.2876663208008
"223",15700,"Scioto","OH",225682,-0.170572847127914,-0.134716302156448,0.283001989126205,0.456105202436447,41.5460662841797,58.1809921264648
"224",15800,"Athens","OH",142321,-0.14725948870182,0.577430844306946,0.421406209468842,0.657304227352142,43.3323707580566,56.4558792114258
"225",15900,"Columbus","OH",1663807,-0.0158034786581993,0.278514295816422,0.128657460212708,0.127144664525986,40.9081878662109,56.7398262023926
"226",16000,"Mansfield","OH",326186,0.130927935242653,0.537155449390411,0.241112649440765,0.298064678907394,44.0688362121582,60.4561233520508
"227",16100,"State College","PA",310658,0.0646816715598106,-0.0843657776713371,0.286358147859573,0.35347244143486,49.6623840332031,60.4532356262207
"228",16200,"Altoona","PA",411749,0.41790571808815,-0.288835763931274,0.261066555976868,0.368495345115662,49.3161239624023,63.3082427978516
"229",16300,"Pittsburgh","PA",2561364,-0.055973008275032,0.146377697587013,0.111758269369602,0.112711273133755,45.8894348144531,60.0570220947266
"230",16400,"Youngstown","OH",809682,-0.166889235377312,0.117902845144272,0.1594098508358,0.216744944453239,42.7576370239258,58.1791496276855
"231",16500,"Erie","PA",659098,0.226335003972054,0.20755235850811,0.19010154902935,0.22844634950161,44.9701309204102,59.3337440490723
"232",16600,"Roanoke","VA",468038,-0.000719362345989794,-0.0556797683238983,0.26982444524765,0.279204249382019,43.1523780822754,58.6739120483398
"233",16701,"Elkins","WV",60271,-1.36527454853058,2.64620804786682,1.02057600021362,1.69991040229797,47.1801986694336,59.6046485900879
"234",16702,"Morgantown","WV",259942,0.353372663259506,0.0746100544929504,0.538552582263947,0.783500254154205,45.5536193847656,58.5846099853516
"235",16703,"Buckhannon","WV",40323,1.92250549793243,2.36448407173157,0.944605350494385,2.01339888572693,48.4775238037109,61.6052780151367
"236",16801,"Beckley","WV",174251,0.663725316524506,0.230328142642975,0.604532122612,0.794604897499084,46.5472030639648,59.8477592468262
"237",16802,"Summersville","WV",58143,1.39310216903687,1.59384167194366,0.916942954063416,1.57204735279083,48.5488739013672,63.2183609008789
"238",16901,"Charleston","WV",347345,0.239036470651627,0.975322425365448,0.395145565271378,0.557489216327667,44.5010414123535,56.463623046875
"239",16902,"Spencer","WV",23028,NA,NA,NA,NA,50.3364143371582,62.1224632263184
"240",17000,"Pikeville","KY",204354,0.801628232002258,-0.569927215576172,0.508004188537598,0.678921699523926,47.3927154541016,59.5812873840332
"241",17100,"Huntington","KY",344380,0.281403124332428,0.264317452907562,0.331910997629166,0.475658267736435,42.9541206359863,55.9944801330566
"242",17200,"Harrisonburg","VA",174641,-0.10283150523901,-0.299097806215286,0.436427533626556,0.424466967582703,49.021369934082,60.5728454589844
"243",17300,"Staunton","VA",188559,0.341598659753799,0.0955160558223724,0.384199351072311,0.448475778102875,45.4523620605469,60.2452430725098
"244",17400,"Hagerstown","PA",408535,-0.229313924908638,-0.0317257456481457,0.204636171460152,0.212013140320778,46.6575050354004,62.0569381713867
"245",17501,"Cumberland","MD",155822,-0.333657056093216,-0.0489130020141602,0.429804652929306,0.508611857891083,47.0434494018555,61.4048881530762
"246",17502,"Winchester","VA",115649,-0.486390829086304,-0.257183581590652,0.298429369926453,0.389838963747025,46.5861778259277,59.5441513061523
"247",17600,"Charlottesville","VA",273489,-0.38004469871521,-0.221550941467285,0.25477060675621,0.254167973995209,42.649097442627,56.8558769226074
"248",17700,"Syracuse","NY",1080612,0.246117666363716,0.150607407093048,0.165593802928925,0.174914047122002,43.8989143371582,57.6197624206543
"249",17800,"Oneonta","NY",161132,0.834879279136658,-0.0193382166326046,0.337921887636185,0.44332954287529,46.6401557922363,58.858226776123
"250",17900,"Union","NY",294558,-0.493045687675476,0.321173906326294,0.252654731273651,0.364074468612671,45.4209251403809,57.5872116088867
"251",18000,"Buffalo","NY",2369699,0.0839677453041077,0.0813096985220909,0.12140965461731,0.0985219031572342,43.1726379394531,57.3443717956543
"252",18100,"Elmira","NY",346894,0.0555946230888367,0.301730155944824,0.315769731998444,0.336837261915207,46.128002166748,57.7565803527832
"253",18201,"Olean","NY",197898,-0.0241781026124954,0.192171648144722,0.281550049781799,0.357979863882065,47.1096878051758,61.0460586547852
"254",18202,"St. Marys","PA",41086,0.387243032455444,3.45169878005981,1.24791491031647,1.66970431804657,50.3982200622559,61.601806640625
"255",18300,"Watertown","NY",250613,0.536528825759888,0.364791095256805,0.389054477214813,0.503028810024261,46.8720359802246,59.2349090576172
"256",18400,"Plattsburgh","NY",169879,0.58539879322052,-0.164784505963326,0.399767875671387,0.531652808189392,45.5071258544922,58.4415435791016
"257",18500,"Amsterdam","NY",110160,0.577856719493866,-0.477128624916077,0.379831254482269,0.529111623764038,46.0145149230957,58.5685997009277
"258",18600,"Albany","NY",1061509,-0.19915397465229,-0.199771240353584,0.180996298789978,0.155663102865219,45.0112152099609,58.097526550293
"259",18700,"Sunbury","PA",191962,0.150066927075386,-0.399633944034576,0.350339293479919,0.430997937917709,49.9187164306641,61.513069152832
"260",18800,"Scranton","PA",857487,-0.0324610322713852,-0.288402557373047,0.114817649126053,0.13141855597496,47.3911323547363,58.9091415405273
"261",18900,"Williamsport","PA",227275,-0.404395341873169,-0.291137635707855,0.33624678850174,0.371208608150482,48.3031921386719,61.0728378295898
"262",19000,"Allentown","PA",637958,-0.0573514364659786,0.0189223773777485,0.170566543936729,0.16624441742897,47.6731109619141,61.0035362243652
"263",19100,"Reading","PA",1114959,0.188313975930214,-0.0250094030052423,0.127595171332359,0.128687262535095,49.3772964477539,62.9311981201172
"264",19200,"Harrisburg","PA",1051424,0.0113596403971314,0.116452239453793,0.148562222719193,0.131403207778931,47.7535514831543,61.9539260864258
"265",19300,"Poughkeepsie","NY",873232,-0.332736104726791,0.189481034874916,0.129058286547661,0.142780900001526,44.0458946228027,57.3184814453125
"266",19400,"New York","NY",11781395,-0.148463621735573,-0.0389984138309956,0.0444345846772194,0.0571001321077347,43.9371223449707,56.7323379516602
"267",19500,"Toms River","NJ",1126217,0.0319707617163658,0.0461287386715412,0.15547887980938,0.0944399237632751,46.3338584899902,58.4808731079102
"268",19600,"Newark","NJ",5822286,0.00795476417988539,0.0871661379933357,0.0655397698283195,0.0543608777225018,44.9248504638672,58.4534721374512
"269",19700,"Philadelphia","PA",5602247,0.0215693637728691,-0.0300046075135469,0.0825744271278381,0.0644537732005119,42.0782051086426,58.0240707397461
"270",19800,"Wilmington","DE",586216,-0.00963517092168331,0.0338848866522312,0.149834364652634,0.170179799199104,41.275032043457,57.3589057922363
"271",19901,"Dover","DE",439269,-0.498365461826324,-0.191466704010963,0.190402135252953,0.1913723051548,41.651912689209,59.2518615722656
"272",19902,"Easton","MD",154018,-0.766325235366821,0.281044781208038,0.289889067411423,0.284843862056732,43.2214736938477,60.9864501953125
"273",19903,"Chincoteague","VA",51398,-0.672775566577911,-0.557546854019165,0.620758295059204,0.96625953912735,39.6128959655762,58.3439331054688
"274",20001,"Bangor","ME",289843,0.0299169942736626,-0.350941270589828,0.276609092950821,0.348472028970718,44.1822395324707,56.1424407958984
"275",20002,"Calais","ME",33941,-0.469040095806122,-0.428194969892502,0.792647361755371,1.54854774475098,41.6893501281738,56.7513542175293
"276",20003,"Presque Isle","ME",73938,0.451471537351608,1.95450139045715,0.394022464752197,0.753946542739868,46.4669494628906,60.1582641601562
"277",20100,"Portland","ME",690459,0.170990347862244,0.189961850643158,0.223449766635895,0.192354872822762,45.578498840332,56.426212310791
"278",20200,"Burlington","VT",321496,-0.110463328659534,0.0943916365504265,0.311606556177139,0.291023343801498,46.6700325012207,57.0917892456055
"279",20301,"Berlin","VT",95549,-0.0416797176003456,0.0276027414947748,0.390316367149353,0.54841148853302,48.376163482666,59.382740020752
"280",20302,"Claremont","VT",265884,0.0446251034736633,0.0462182424962521,0.277609020471573,0.25983002781868,47.7116241455078,56.8372802734375
"281",20401,"Providence","RI",1582997,-0.0530250035226345,-0.0578078180551529,0.122176773846149,0.114752531051636,45.4039077758789,58.362476348877
"282",20402,"Nantucket","MA",9520,NA,NA,NA,NA,51.5297546386719,56.4755973815918
"283",20403,"Oak Bluffs","MA",14987,NA,NA,NA,NA,43.8259773254395,49.9109802246094
"284",20500,"Boston","MA",4974945,0.0379438959062099,0.0365095175802708,0.0933173447847366,0.0895205363631248,46.5012397766113,58.3152503967285
"285",20600,"Manchester","NH",1193391,-0.101920954883099,0.0330768562853336,0.151408135890961,0.108645901083946,47.2809791564941,58.0770263671875
"286",20700,"Keene","NH",118041,0.253404259681702,-0.547714412212372,0.411457300186157,0.358557015657425,46.2634963989258,56.7169914245605
"287",20800,"Springfield","MA",680014,-0.2373356372118,-0.407719880342484,0.188071027398109,0.216509208083153,44.1165351867676,57.8104934692383
"288",20901,"Bridgeport","CT",3405565,-0.115101739764214,0.00721572991460562,0.0883514434099197,0.0730008110404015,44.7421951293945,58.4139404296875
"289",20902,"Pittsfield","MA",171947,-0.642016708850861,0.166134789586067,0.375464498996735,0.375071287155151,44.8187408447266,56.1408729553223
"290",21001,"Ashland","WI",47701,1.10701584815979,0.60693883895874,0.906629681587219,0.74992710351944,47.6573219299316,59.053539276123
"291",21002,"Houghton","MI",47063,1.70212841033936,2.00070881843567,1.73339593410492,1.37799537181854,46.3588333129883,59.6947555541992
"292",21003,"Ironwood","MI",32049,1.87873816490173,3.00058484077454,1.65668702125549,3.61174583435059,47.2411613464355,57.5769424438477
"293",21004,"Rhinelander","WI",67833,-0.122046858072281,-0.105512760579586,0.568841338157654,0.473467171192169,46.585262298584,59.9653015136719
"294",21101,"Rice Lake","WI",92542,0.259962201118469,-0.367083668708801,0.436517238616943,0.55660617351532,49.6902770996094,61.6055793762207
"295",21102,"Amery","WI",56993,0.99143522977829,-0.147780761122704,0.479530394077301,0.397004961967468,50.5819854736328,61.577693939209
"296",21201,"Hutchinson","MN",72898,1.67101907730103,-0.603099822998047,0.518184006214142,0.475685268640518,56.4812889099121,65.3118057250977
"297",21202,"Redwood Falls","MN",33969,2.06579089164734,-0.410653293132782,0.963575899600983,0.830111145973206,58.897632598877,68.6419982910156
"298",21301,"Mankato","MN",149925,0.891340315341949,0.0430509448051453,0.457395941019058,0.313800424337387,54.374324798584,63.4410247802734
"299",21302,"Owatonna","MN",109871,0.502974390983582,-0.436059862375259,0.547145843505859,0.352993011474609,52.7849311828613,62.8378639221191
"300",21400,"St. Cloud","MN",254139,-0.0511412769556046,0.0486702658236027,0.301495552062988,0.193643659353256,54.9391403198242,63.557788848877
"301",21501,"Minneapolis","MN",2904389,0.116146057844162,0.0769993662834167,0.1150828525424,0.099218413233757,47.377025604248,59.5196990966797
"302",21502,"Pine City","MN",41526,0.0540199428796768,0.138302236795425,0.42524391412735,0.418080508708954,51.8378562927246,64.2175064086914
"303",21600,"Brainerd","MN",141542,0.130434602499008,0.19866980612278,0.320819169282913,0.310478150844574,47.8976974487305,60.6307487487793
"304",21701,"Rochester","MN",228867,0.556424379348755,0.51314514875412,0.34701406955719,0.281888455152512,53.6474113464355,61.6023025512695
"305",21702,"Austin","MN",71187,0.124150864779949,0.717086493968964,0.718451380729675,0.77662456035614,52.6784896850586,63.4669075012207
"306",21801,"Mason City","IA",78179,0.0267719328403473,-1.97249174118042,0.779878973960876,0.808488786220551,53.3297920227051,63.1433143615723
"307",21802,"Decorah","IA",72111,1.36375069618225,-0.0876893848180771,0.650969207286835,0.739430487155914,57.5023498535156,65.6330413818359
"308",21900,"Marshalltown","IA",113442,0.713500499725342,0.787636995315552,0.573143720626831,0.449840128421783,51.9240798950195,64.4156875610352
"309",22001,"Waterloo","IA",222112,0.545860588550568,0.575843811035156,0.47270193696022,0.466390550136566,50.8527679443359,64.1322250366211
"310",22002,"Iowa Falls","IA",29516,0.0289379563182592,0.288448452949524,1.23200070858002,1.71685552597046,56.3488998413086,67.3129272460938
"311",22100,"Iowa City","IA",203768,0.274608999490738,0.682012259960175,0.44652983546257,0.414195209741592,50.8055267333984,60.1585502624512
"312",22200,"Cedar Rapids","IA",252901,0.385844618082047,0.447573691606522,0.478734314441681,0.375130593776703,50.1785697937012,61.720043182373
"313",22300,"Ottumwa","IA",142385,0.827513575553894,0.382720053195953,0.596153378486633,0.472589254379272,51.3414726257324,63.745491027832
"314",22400,"Sheboygan","WI",195533,-0.206535667181015,-0.0534754991531372,0.415910989046097,0.343109309673309,51.0174217224121,62.262825012207
"315",22500,"Oshkosh","WI",549651,0.28403913974762,0.259368240833282,0.247661396861076,0.207955330610275,50.9029083251953,61.8927421569824
"316",22601,"Green Bay","WI",310560,0.329138875007629,0.381336897611618,0.243435069918633,0.2625373005867,50.1838035583496,62.1257247924805
"317",22602,"Shawano","WI",65966,-0.766855180263519,-0.83440363407135,0.450061172246933,0.494873017072678,48.5536727905273,62.054988861084
"318",22700,"Wausau","WI",370092,0.563124358654022,-0.3819859623909,0.304652214050293,0.24728336930275,52.2876472473145,61.4454154968262
"319",22800,"Eau Claire","WI",305307,0.338318586349487,0.106178537011147,0.297248899936676,0.284831464290619,51.9173316955566,60.8131790161133
"320",22900,"La Crosse","WI",220109,0.370534628629684,0.464438676834106,0.34180611371994,0.343459993600845,50.6670455932617,60.2974128723145
"321",23000,"Monroe","WI",116624,0.0275606289505959,-0.257607638835907,0.399060815572739,0.33869206905365,53.6463241577148,63.2477073669434
"322",23100,"Madison","WI",590755,0.0654845535755157,-0.0719447731971741,0.213957935571671,0.188395097851753,48.2831611633301,58.0109519958496
"323",23200,"Dubuque","IA",163189,0.525136172771454,0.0496890693902969,0.453552007675171,0.501019239425659,55.3038864135742,64.0845031738281
"324",23301,"Charleston","IL",101161,0.37184727191925,0.369736433029175,0.521313428878784,0.737613260746002,46.2393913269043,62.2042770385742
"325",23302,"Douglas","IL",101195,-0.999693214893341,0.0902192294597626,0.509764552116394,0.817817270755768,51.2878570556641,65.5752182006836
"326",23400,"Bloomington","IL",206909,0.378084808588028,0.125025600194931,0.33009997010231,0.283785432577133,47.2731399536133,60.8835144042969
"327",23500,"Decatur","IL",382083,0.0815813019871712,0.0940381661057472,0.252088516950607,0.310290038585663,45.1504592895508,60.5580406188965
"328",23600,"Burlington","IA",136489,0.628318428993225,0.176658689975739,0.507432520389557,0.604109883308411,48.6661529541016,62.2229309082031
"329",23700,"Galesburg","IL",145734,0.710139632225037,0.825547158718109,0.40009468793869,0.431723326444626,46.1318626403809,60.4906120300293
"330",23801,"Davenport","IL",382351,0.11380947381258,0.381719827651978,0.288090527057648,0.269466996192932,44.8284111022949,59.9861869812012
"331",23802,"Clinton","IA",70445,1.39181518554688,0.382893949747086,0.61468368768692,0.637825429439545,52.0463752746582,63.2765464782715
"332",23900,"Peoria","IL",529703,0.0186956934630871,0.331634789705276,0.2433120906353,0.226658791303635,44.4700889587402,60.5443153381348
"333",24000,"Kenosha","WI",584474,-0.179162546992302,-0.160681694746017,0.179813295602798,0.150581210851669,43.7547454833984,57.8592224121094
"334",24100,"Milwaukee","WI",1660659,0.0452436916530132,-0.00634255493059754,0.123329415917397,0.122672356665134,41.7288246154785,58.8110427856445
"335",24200,"Bourbonnais","IL",135167,0.486280530691147,0.0735171437263489,0.286797672510147,0.349144905805588,45.2183151245117,61.5953979492188
"336",24300,"Chicago","IL",8183799,-0.180241316556931,-0.0401942431926727,0.0611373446881771,0.0504699945449829,41.0019187927246,56.6510276794434
"337",24400,"Rockford","IL",622573,-0.14145790040493,0.100999511778355,0.192091166973114,0.166281387209892,43.875732421875,58.0988082885742
"338",24500,"Rolla","MO",111509,0.621635019779205,0.339642286300659,0.384405851364136,0.562991440296173,47.1719131469727,60.856746673584
"339",24600,"Farmington","MO",137456,0.0869120061397552,0.971920371055603,0.320655137300491,0.392672777175903,47.5795860290527,63.5685119628906
"340",24701,"St. Louis","MO",2325609,-0.0246495418250561,0.0937705487012863,0.125863447785378,0.0981955453753471,40.8223571777344,57.8872566223145
"341",24702,"Mexico","MO",37989,-0.40536829829216,-0.226226314902306,0.532476663589478,0.696166217327118,50.8158569335938,63.0092620849609
"342",24801,"Jacksonville","IL",84748,0.556885600090027,-0.333552241325378,0.561167776584625,0.720725774765015,47.9407081604004,61.6832580566406
"343",24802,"Springfield","IL",267992,-0.292541146278381,0.0722454115748405,0.308013439178467,0.330309718847275,43.5372734069824,58.7910614013672
"344",24900,"Edwardsville","IL",382997,0.047552552074194,0.259146720170975,0.197725147008896,0.281763821840286,45.7866859436035,60.3467483520508
"345",25000,"Quincy","IL",152421,-0.266844481229782,0.965653777122498,0.487808525562286,0.56285172700882,48.3973770141602,62.5120010375977
"346",25101,"Mountain Home","AR",64068,0.148358583450317,1.24377584457397,0.536580622196198,0.904986023902893,46.4082717895508,58.9029808044434
"347",25102,"West Plains","MO",90551,1.34952688217163,1.15541291236877,0.511547684669495,0.898831605911255,48.7040596008301,60.9820137023926
"348",25103,"Harrison","AR",76174,-0.343549162149429,0.00182467268314213,0.519683122634888,0.793993175029755,48.1846656799316,60.8777847290039
"349",25104,"Heber Springs","AR",51737,0.222335234284401,2.18848395347595,0.53209000825882,0.72833913564682,48.1617736816406,63.869312286377
"350",25105,"Batesville","AR",64601,0.648699283599854,2.06786918640137,0.618350684642792,1.33823692798615,47.5270233154297,61.4508934020996
"351",25200,"Henderson","KY",151629,0.312440812587738,0.844696164131165,0.469615399837494,0.606612741947174,46.1840476989746,61.0315628051758
"352",25300,"Union City","TN",117387,-0.627897024154663,-0.779998540878296,0.557677924633026,0.944246113300323,43.8728828430176,60.2643775939941
"353",25401,"Paducah","KY",138654,-0.24713622033596,-0.411695629358292,0.579780519008636,0.791087985038757,44.5020027160645,58.917308807373
"354",25402,"Murray","KY",34177,-0.0213109161704779,-0.57195645570755,1.28186464309692,2.24038815498352,46.2083702087402,55.2288780212402
"355",25500,"Centralia","IL",141040,0.239121451973915,0.794900357723236,0.3722043633461,0.413716107606888,47.6202735900879,63.4354209899902
"356",25601,"Carbondale","IL",265022,-0.486097693443298,-0.124788701534271,0.311077535152435,0.387195825576782,45.1714744567871,60.9722518920898
"357",25602,"Harrisburg","IL",37978,0.576677024364471,-1.22836172580719,1.31409895420074,1.46440577507019,48.8043670654297,64.7522277832031
"358",25701,"Cape Girardeau","MO",184036,0.14620153605938,0.400028318166733,0.376911699771881,0.536629974842072,45.1529159545898,60.9823722839355
"359",25702,"Poplar Bluff","MO",73576,0.319940596818924,0.148849993944168,0.453359097242355,0.875621616840363,45.9710159301758,60.0429153442383
"360",25800,"Blytheville","AR",105181,0.00553374644368887,1.24568152427673,0.410268038511276,0.857741177082062,40.6234016418457,61.4489288330078
"361",25900,"Jonesboro","AR",198671,-0.109471388161182,0.544648826122284,0.325767934322357,0.608851253986359,45.4156150817871,59.0242691040039
"362",26001,"Roseau","MN",20860,NA,NA,NA,NA,55.552734375,63.1425933837891
"363",26002,"Duluth","MN",286544,-0.161841884255409,-0.131698533892632,0.363656848669052,0.288177520036697,46.3750915527344,59.646900177002
"364",26003,"West Cook UT","MN",5168,NA,NA,NA,NA,51.1158142089844,55.7174949645996
"365",26004,"International Falls","MN",14355,NA,NA,NA,NA,50.9298820495605,60.5174674987793
"366",26101,"Moberly","MO",56535,-0.293843865394592,0.235386788845062,0.622081220149994,0.851593017578125,48.5965728759766,62.7926712036133
"367",26102,"Marshall","MO",48599,-0.442599385976791,-1.94686675071716,0.712060391902924,1.16959309577942,49.7056922912598,64.6725616455078
"368",26103,"Brookfield","MO",22192,NA,NA,NA,NA,54.913200378418,68.8786087036133
"369",26104,"Trenton","MO",14189,NA,NA,NA,NA,52.4552230834961,66.3870315551758
"370",26105,"Polk","MO",12442,NA,NA,NA,NA,52.8961715698242,63.9455108642578
"371",26106,"Centerville","IA",29873,-0.720620512962341,1.57809150218964,1.03461503982544,1.04116368293762,52.6153297424316,64.6054306030273
"372",26107,"Kirksville","MO",38491,-0.656413733959198,-1.32335865497589,5.13390731811523,4.44717168807983,50.3445816040039,58.6052055358887
"373",26201,"Bismarck","ND",114739,0.743997156620026,-0.0181311294436455,0.868002533912659,0.711490750312805,55.968448638916,63.3600807189941
"374",26202,"East Grant UT","ND",2841,NA,NA,NA,NA,NA,NA
"375",26203,"Linton","ND",10029,NA,NA,NA,NA,63.3898315429688,68.1658782958984
"376",26204,"Steele","ND",2753,NA,NA,NA,NA,NA,NA
"377",26301,"Devils Lake","ND",22745,NA,NA,NA,NA,45.8718605041504,66.6966934204102
"378",26302,"Carrington","ND",6516,NA,NA,NA,NA,62.6338844299316,66.755256652832
"379",26303,"Turtle Mountain UT","ND",16550,NA,NA,NA,NA,38.6935157775879,57.210506439209
"380",26304,"Minot","ND",74541,1.67950940132141,0.708225846290588,1.12675046920776,1.19856154918671,57.7132263183594,65.4666976928711
"381",26305,"Rugby","ND",11487,NA,NA,NA,NA,59.5450057983398,69.8763732910156
"382",26401,"Ekalaka","SD",2713,NA,NA,NA,NA,NA,NA
"383",26402,"Baker","MT",2837,NA,NA,NA,NA,64.0264739990234,76.741455078125
"384",26403,"Bowman","ND",4009,NA,NA,NA,NA,66.6424331665039,72.9243011474609
"385",26404,"Lemmon","ND",8671,NA,NA,NA,NA,60.8239784240723,65.7952041625977
"386",26405,"Scobey","MT",2017,NA,NA,NA,NA,NA,NA
"387",26406,"Wolf Point","MT",12597,NA,NA,NA,NA,40.7035446166992,60.5374031066895
"388",26407,"Plentywood","MT",4105,NA,NA,NA,NA,58.3034324645996,65.1681365966797
"389",26408,"Glasgow","MT",12276,NA,NA,NA,NA,52.4019737243652,60.286190032959
"390",26409,"Glendive","MT",12051,NA,NA,NA,NA,60.241813659668,67.0623931884766
"391",26410,"Dickinson","ND",27124,0.941240906715393,0.647727310657501,1.79929566383362,1.26200783252716,62.5406913757324,67.4583206176758
"392",26411,"Sidney","ND",22035,NA,NA,NA,NA,56.5920791625977,67.7961273193359
"393",26412,"Williston","ND",24286,NA,NA,NA,NA,63.0291290283203,68.2575073242188
"394",26501,"Brookings","SD",40630,0.457250744104385,0.0510274469852448,1.18943202495575,1.02239429950714,56.5115737915039,63.5505523681641
"395",26502,"Madison","SD",14160,NA,NA,NA,NA,58.7056655883789,65.5047378540039
"396",26503,"Sioux Falls","SD",200630,1.0507984161377,-1.01166641712189,0.496330618858337,0.464737117290497,53.6207504272461,60.8423118591309
"397",26504,"Watertown","SD",40078,2.14865183830261,-0.408730655908585,1.78520905971527,1.47113513946533,57.7015609741211,65.545280456543
"398",26601,"Milbank","MN",17801,NA,NA,NA,NA,58.7454299926758,66.2290344238281
"399",26602,"Sisseton","SD",20859,NA,NA,NA,NA,49.4593315124512,68.167724609375
"400",26603,"East Corson UT","SD",8225,NA,NA,NA,NA,34.1441802978516,48.5303039550781
"401",26604,"Mobridge","SD",7756,NA,NA,NA,NA,58.9060707092285,66.2940139770508
"402",26605,"Aberdeen","SD",52825,2.76022362709045,0.308243125677109,1.31414616107941,0.996209681034088,58.0862884521484,64.3956069946289
"403",26701,"Bemidji","MN",101639,0.116600520908833,-0.311118423938751,0.392951369285583,0.474658906459808,46.8905906677246,62.3350028991699
"404",26702,"Grafton","ND",31090,0.0957788601517677,-0.542479157447815,1.08749866485596,1.09032559394836,57.6230773925781,66.1012802124023
"405",26703,"Thief River Falls","MN",28038,1.40073490142822,0.0879842862486839,1.01788377761841,1.5438472032547,57.5340805053711,66.6247100830078
"406",26704,"Grand Forks","ND",108213,1.53302907943726,0.339584946632385,0.621131122112274,0.511106133460999,53.5369644165039,62.3105163574219
"407",26801,"Fargo","ND",206945,0.823783814907074,-0.115834318101406,0.503563761711121,0.434361457824707,52.8400535583496,61.2849922180176
"408",26802,"Lisbon","ND",16013,NA,NA,NA,NA,59.3176116943359,67.2511444091797
"409",26803,"Jamestown","ND",38384,1.05640745162964,-0.235012784600258,1.26991200447083,1.45454466342926,58.0633964538574,65.6247406005859
"410",26804,"Cooperstown","ND",2754,NA,NA,NA,NA,NA,NA
"411",26901,"Fergus Falls","MN",117558,0.432294279336929,0.13355478644371,0.487796664237976,0.410524189472198,55.820068359375,65.078239440918
"412",26902,"Little Falls","MN",69851,-0.273006528615952,-0.171798601746559,0.430607467889786,0.463562339544296,56.3698196411133,64.5702896118164
"413",27001,"O'Neill","NE",14875,NA,NA,NA,NA,59.6537742614746,67.817756652832
"414",27002,"Ord","NE",9975,NA,NA,NA,NA,57.7284507751465,67.6069183349609
"415",27003,"Ainsworth","NE",6264,NA,NA,NA,NA,57.3356781005859,69.7732391357422
"416",27004,"Winner","SD",11222,NA,NA,NA,NA,55.7612915039062,66.5588226318359
"417",27005,"Yankton","SD",47901,1.2256772518158,0.0123408427461982,0.926828444004059,1.20074081420898,60.269416809082,63.6891059875488
"418",27006,"Mitchell","SD",27613,1.4056738615036,-1.06947553157806,1.62131416797638,2.08450269699097,58.1810646057129,64.3779678344727
"419",27007,"Huron","SD",19318,NA,NA,NA,NA,55.4816055297852,62.8022613525391
"420",27008,"Parkston","SD",20883,NA,NA,NA,NA,55.180233001709,67.0502243041992
"421",27009,"Chamberlain","SD",11291,NA,NA,NA,NA,42.5871086120605,61.396858215332
"422",27010,"Miller","SD",5412,NA,NA,NA,NA,62.4649314880371,61.6045799255371
"423",27011,"Pierre","SD",20809,NA,NA,NA,NA,50.2806663513184,61.5449523925781
"424",27012,"Gettysburg","SD",2693,NA,NA,NA,NA,NA,NA
"425",27101,"Willmar","MN",85394,0.908205687999725,0.94459056854248,0.687723875045776,0.7990363240242,56.5726928710938,65.4364547729492
"426",27102,"Marshall","MN",51470,1.5632826089859,0.26625794172287,0.833770215511322,0.779041707515717,58.7608032226562,67.9488143920898
"427",27201,"Sioux Center","IA",58454,1.71838188171387,1.01326501369476,0.886996328830719,0.847366034984589,63.7302589416504,71.0439224243164
"428",27202,"Worthington","MN",60435,2.82218885421753,1.73862564563751,1.07850813865662,1.12660813331604,58.0889320373535,67.4632263183594
"429",27301,"Spencer","IA",61106,1.40736424922943,0.557857632637024,0.715518712997437,0.669904410839081,58.052791595459,64.1784133911133
"430",27302,"Fairmont","MN",49010,1.09338593482971,1.10124015808105,0.946150362491608,0.868254661560059,54.7076644897461,64.5808563232422
"431",27401,"Storm Lake","IA",52812,1.63226234912872,-0.0905518680810928,0.89823317527771,0.701353311538696,58.367488861084,66.9089202880859
"432",27402,"Fort Dodge","IA",101165,0.831927120685577,0.272056400775909,0.68902188539505,0.58510410785675,52.5051918029785,64.7603149414062
"433",27501,"Des Moines","IA",595842,-0.0418221801519394,0.044680867344141,0.365371197462082,0.209185197949409,48.9068374633789,61.5148468017578
"434",27502,"Creston","IA",35600,-0.492484092712402,1.74498152732849,0.776890516281128,0.946483373641968,54.3000144958496,65.0263061523438
"435",27503,"Atlantic","IA",34687,0.396680951118469,-0.571536064147949,0.919802367687225,0.991498470306396,55.3412094116211,67.5908966064453
"436",27504,"Carroll","IA",48729,0.159052714705467,-0.19632713496685,0.868070125579834,0.843034327030182,58.4201431274414,68.3673477172852
"437",27601,"Rapid City","SD",158442,0.0458644740283489,-0.565166652202606,0.533988416194916,0.617001414299011,49.730281829834,59.8768920898438
"438",27602,"Eagle Butte","SD",8491,NA,NA,NA,NA,32.9559173583984,54.9546852111816
"439",27603,"Southwest Jackson UT","SD",5126,NA,NA,NA,NA,49.8845558166504,68.297477722168
"440",27604,"Murdo","SD",1193,NA,NA,NA,NA,NA,NA
"441",27605,"Mission","SD",11133,NA,NA,NA,NA,27.3034534454346,50.8233985900879
"442",27701,"Scottsbluff","NE",65903,0.747411668300629,0.0246346928179264,0.802617311477661,0.970256745815277,52.0255928039551,62.3710784912109
"443",27702,"Cheyenne","WY",95526,1.02517342567444,0.479499846696854,0.58126562833786,0.630849778652191,50.9713821411133,60.3564987182617
"444",27703,"Torrington","WY",21345,NA,NA,NA,NA,53.8141212463379,63.7640037536621
"445",27704,"Gordon","SD",22238,NA,NA,NA,NA,32.0748710632324,50.6168975830078
"446",27801,"Virginia Beach","NE",56990,0.76763254404068,-0.3115473985672,0.890553772449493,0.88883239030838,55.9179191589355,65.3291244506836
"447",27802,"Columbus","NE",61167,0.448032826185226,0.937649428844452,0.713696658611298,0.776746213436127,59.6023750305176,66.6577377319336
"448",27901,"Hastings","NE",42251,-0.0226128734648228,-1.30521988868713,1.01875102519989,1.08216547966003,54.4430084228516,62.2241859436035
"449",27902,"York","NE",26871,2.95708632469177,-1.37051141262054,1.0246764421463,0.9083491563797,59.0028762817383,66.5893783569336
"450",27903,"Grand Island","NE",77708,0.950316607952118,-0.650417983531952,0.8763148188591,0.713375866413116,53.7129364013672,64.0713195800781
"451",28001,"Sioux City","IA",187773,1.07169318199158,-0.33057028055191,0.487261444330215,0.464582562446594,51.748348236084,62.0106239318848
"452",28002,"West Point","NE",25165,0.0983867272734642,0.391105830669403,0.834118783473969,1.16015458106995,49.5545768737793,68.7900390625
"453",28101,"Lincoln","NE",311956,0.168221265077591,-0.489200472831726,0.474609136581421,0.329806685447693,48.7034568786621,60.7649955749512
"454",28102,"Nebraska City","NE",40078,0.802953004837036,1.04689490795135,0.885937392711639,0.7313591837883,55.7550811767578,65.8669357299805
"455",28201,"Red Oak","IA",48197,0.127777114510536,-0.355002582073212,0.832896649837494,0.953770577907562,55.453125,66.5324859619141
"456",28202,"Omaha","NE",803201,0.19898097217083,-0.235501423478127,0.243588492274284,0.195078656077385,45.9336814880371,60.0871276855469
"457",28301,"Sterling","CO",39751,-0.221808135509491,-0.126790702342987,0.747862637042999,0.870519280433655,54.9060478210449,65.4942169189453
"458",28302,"Ogallala","NE",16920,NA,NA,NA,NA,54.9828262329102,65.0426712036133
"459",28303,"Oshkosh","NE",2292,NA,NA,NA,NA,NA,NA
"460",28304,"Valentine","NE",8122,NA,NA,NA,NA,54.8901977539062,62.2318496704102
"461",28305,"Broken Bow","NE",13105,NA,NA,NA,NA,58.33740234375,64.154052734375
"462",28306,"North Platte","NE",35939,3.00687956809998,0.598351538181305,1.52897524833679,1.1428861618042,52.008731842041,59.5018272399902
"463",28401,"Colorado Springs","CO",587132,-0.20233117043972,-0.183666661381721,0.167881920933723,0.137427091598511,45.4188995361328,56.0991020202637
"464",28402,"Limon","CO",6087,NA,NA,NA,NA,54.7416915893555,62.7806434631348
"465",28501,"Springfield","CO",4517,NA,NA,NA,NA,56.8481750488281,57.8309020996094
"466",28502,"Pueblo","CO",187782,0.026456106454134,0.386855781078339,0.359624534845352,0.401791721582413,43.1058387756348,57.7599067687988
"467",28503,"Trinidad","CO",23069,NA,NA,NA,NA,50.6749610900879,60.1501159667969
"468",28504,"Burlington","CO",11864,NA,NA,NA,NA,58.7562217712402,66.9541473388672
"469",28601,"Oberlin","KS",6438,NA,NA,NA,NA,62.4940338134766,66.679313659668
"470",28602,"Norton","KS",5953,NA,NA,NA,NA,57.987979888916,65.0139465332031
"471",28603,"Phillipsburg","KS",10537,NA,NA,NA,NA,57.8099174499512,66.6794738769531
"472",28604,"Colby","KS",17107,NA,NA,NA,NA,57.8629684448242,66.1157760620117
"473",28605,"Goodland","KS",8509,NA,NA,NA,NA,55.676383972168,70.3153381347656
"474",28606,"Wano","KS",5457,NA,NA,NA,NA,57.3464775085449,66.9212036132812
"475",28607,"McCook","NE",19695,NA,NA,NA,NA,57.5450477600098,66.4177856445312
"476",28608,"Kearney","NE",56033,1.37379586696625,-0.179134979844093,0.98114150762558,0.807322800159454,56.1009674072266,62.7803153991699
"477",28609,"Lexington","NE",48464,3.01576495170593,-0.109982758760452,1.22142088413239,1.06326115131378,56.0671539306641,64.7618713378906
"478",28701,"Salida","CO",16242,NA,NA,NA,NA,49.4736480712891,62.6279487609863
"479",28702,"Glenwood Springs","CO",131682,0.287717193365097,-0.000273486628429964,0.504958987236023,0.346149444580078,54.002555847168,57.681526184082
"480",28703,"Granby","CO",12442,NA,NA,NA,NA,49.918872833252,60.511402130127
"481",28704,"Laramie","WY",33591,1.81555259227753,0.816565871238708,1.87579798698425,2.65351700782776,50.4141006469727,59.0983619689941
"482",28800,"Fort Collins","CO",459601,0.219117030501366,-0.145763486623764,0.222114145755768,0.150179341435432,49.3397254943848,58.071403503418
"483",28900,"Denver","CO",2449044,0.0423108860850334,-0.123781144618988,0.114541076123714,0.0702711567282677,45.6761741638184,56.5378265380859
"484",29001,"Pratt","KS",18232,NA,NA,NA,NA,57.3716163635254,65.138786315918
"485",29002,"Coldwater","KS",1967,NA,NA,NA,NA,NA,NA
"486",29003,"Dodge City","KS",42837,-0.520654082298279,-0.69018566608429,1.46183526515961,1.45020794868469,52.0124244689941,64.0413513183594
"487",29004,"Great Bend","KS",47227,-0.271474003791809,-0.542148530483246,1.04561007022858,1.01823735237122,53.6540031433105,65.614501953125
"488",29005,"Hutchinson","KS",82076,0.711674571037292,-0.461794883012772,0.629527747631073,0.586764276027679,49.0980415344238,61.6751289367676
"489",29006,"Hays","KS",38196,-0.124010160565376,-0.111558966338634,2.83687496185303,1.98933291435242,56.7394409179688,63.5542297363281
"490",29007,"Township 11","KS",8631,NA,NA,NA,NA,55.9174613952637,65.8841857910156
"491",29008,"Center","KS",5609,NA,NA,NA,NA,62.3305740356445,66.8196258544922
"492",29101,"Concordia","KS",19894,NA,NA,NA,NA,56.0646629333496,68.351432800293
"493",29102,"Superior","NE",11112,NA,NA,NA,NA,59.7432899475098,70.3775787353516
"494",29103,"Beloit","KS",11384,NA,NA,NA,NA,56.4758605957031,67.0957946777344
"495",29104,"Salina","KS",63338,0.0460885502398014,0.502327501773834,0.701231122016907,0.824745297431946,47.7595100402832,60.7658767700195
"496",29201,"Hiawatha","KS",21441,NA,NA,NA,NA,59.5972709655762,71.7978210449219
"497",29202,"Marysville","KS",17448,NA,NA,NA,NA,60.6148529052734,69.4784851074219
"498",29203,"Manhattan","KS",143269,0.573376655578613,1.31252777576447,0.523933887481689,0.609148144721985,49.8123321533203,61.4958534240723
"499",29204,"Topeka","KS",324513,-0.236071243882179,0.40278360247612,0.344559580087662,0.32588204741478,46.8101005554199,58.4795684814453
"500",29301,"Wichita","KS",553506,0.154125154018402,0.343811839818954,0.248464211821556,0.25506979227066,44.8003730773926,58.6467933654785
"501",29302,"Newton","KS",75784,1.18803751468658,0.0950592458248138,0.515014231204987,0.518663048744202,52.3061447143555,63.2869606018066
"502",29303,"Winfield","KS",51584,-0.0477303713560104,0.909464001655579,0.537197411060333,0.630025207996368,52.1152114868164,61.2040405273438
"503",29401,"Ottawa","KS",51067,-0.137140080332756,-0.096159890294075,0.625763475894928,0.628134727478027,51.7387008666992,64.1333160400391
"504",29402,"Emporia","KS",47830,-0.767728984355927,1.30484986305237,0.957721650600433,0.752022624015808,50.8861808776855,62.5793037414551
"505",29403,"Bartlesville","KS",145981,0.0130587527528405,0.254562586545944,0.354044765233994,0.431175619363785,48.9109878540039,60.9805717468262
"506",29501,"Leavenworth","KS",85465,0.300870060920715,-0.185909241437912,0.482509881258011,0.430795460939407,47.9030952453613,60.1889457702637
"507",29502,"Kansas City","MO",1762873,0.0668021366000175,-0.0389685668051243,0.125436455011368,0.125781714916229,43.2923126220703,58.1845664978027
"508",29503,"St. Joseph","MO",158300,0.148406565189362,0.131796211004257,0.409405440092087,0.480356693267822,47.0696563720703,62.0657005310059
"509",29504,"Sedalia","MO",88232,0.108203314244747,-0.341594040393829,0.437254935503006,0.565252423286438,47.9245681762695,61.1225128173828
"510",29505,"Polk","MO",33693,0.372641950845718,-1.52999758720398,1.06006729602814,1.14156746864319,54.7818145751953,64.2755432128906
"511",29506,"Bethany","MO",18093,NA,NA,NA,NA,56.2112998962402,67.0275039672852
"512",29601,"Columbia","MO",302388,0.0492952838540077,-0.00883286073803902,0.270343631505966,0.356833904981613,46.8891830444336,59.4611015319824
"513",29602,"Eldon","MO",79924,-0.602478861808777,0.657445549964905,0.47174945473671,0.532025575637817,47.9424133300781,62.2520942687988
"514",29700,"Springfield","MO",440866,0.318142145872116,0.129469752311707,0.269516795873642,0.249638974666595,46.0521278381348,58.5256538391113
"515",29800,"Aurora","MO",137575,0.454180955886841,0.463912189006805,0.381127536296844,0.384220659732819,47.5934906005859,60.3153915405273
"516",29901,"Joplin","MO",266742,0.189652740955353,0.617895543575287,0.227874994277954,0.396579593420029,46.6988182067871,60.5762939453125
"517",29902,"Center","MO",54651,0.443864643573761,-0.934191346168518,0.457696586847305,0.73787397146225,49.7136840820312,62.9673767089844
"518",30000,"Russellville","AR",138646,1.04709529876709,0.213040485978127,0.331395655870438,0.643464326858521,46.9765739440918,60.0336647033691
"519",30100,"Fort Smith","AR",332832,0.40381646156311,0.534018814563751,0.243550673127174,0.405547618865967,47.0750122070312,60.4971351623535
"520",30200,"Muskogee","OK",152466,0.0956202819943428,0.380504131317139,0.257396161556244,0.417225897312164,44.3107948303223,59.9181518554688
"521",30300,"Fayetteville","AR",384122,0.0285690054297447,0.114856600761414,0.199158906936646,0.259172111749649,47.5562782287598,59.0556640625
"522",30401,"Stillwater","OK",79601,-0.0454946011304855,-0.491872757673264,0.45231032371521,0.561695218086243,50.2358741760254,59.581844329834
"523",30402,"Tulsa","OK",921246,0.17030169069767,0.220859467983246,0.149074018001556,0.161666944622993,45.3248176574707,58.7375602722168
"524",30403,"Okmulgee","OK",51499,0.557657897472382,1.47427237033844,0.398376762866974,0.850957870483398,46.887378692627,60.7190132141113
"525",30501,"Woodward","OK",26123,0.509615182876587,-0.343724399805069,1.37627232074738,1.1901570558548,57.5451316833496,66.4793701171875
"526",30502,"Enid","OK",102415,0.509024143218994,0.39206999540329,0.50126987695694,0.649397850036621,52.3620796203613,64.6323547363281
"527",30601,"El Paso","TX",857648,-0.079387255012989,-0.234182789921761,0.127725377678871,0.205645024776459,44.1912803649902,51.1405296325684
"528",30602,"Alamogordo","NM",81709,-0.0180531535297632,0.375040948390961,0.492172509431839,1.0714271068573,43.6399955749512,54.9637641906738
"529",30603,"Truth or Consequences","NM",13270,NA,NA,NA,NA,45.9791069030762,50.5792961120605
"530",30604,"Deming","NM",61950,-0.159947484731674,-0.00262292101979256,0.437331587076187,1.07513844966888,43.5546188354492,55.1159133911133
"531",30605,"Van Horn","TX",2975,NA,NA,NA,NA,NA,NA
"532",30701,"Roswell","NM",113040,0.499216943979263,-0.0693679675459862,0.446094483137131,0.537311315536499,46.2385864257812,59.6272163391113
"533",30702,"Santa Rosa","NM",6920,NA,NA,NA,NA,47.8663787841797,59.857536315918
"534",30801,"Hobbs","NM",90061,0.774005055427551,1.80780243873596,0.458594411611557,0.55223548412323,52.4938926696777,63.8330841064453
"535",30802,"Lubbock","TX",287568,0.166048243641853,0.341274440288544,0.250870764255524,0.343495845794678,43.2990608215332,59.4613952636719
"536",30901,"Clovis","NM",73078,-0.488500386476517,-0.27711483836174,0.538763523101807,0.739769637584686,46.7690963745117,59.8138046264648
"537",30902,"Littlefield","TX",29588,0.280839055776596,0.297637075185776,0.719923734664917,1.21654534339905,49.5863800048828,65.30810546875
"538",30903,"Amarillo","TX",240752,-0.116687543690205,0.187146559357643,0.359726935625076,0.348970502614975,45.0609016418457,60.5262184143066
"539",30904,"Pampa","TX",57355,0.631633937358856,0.574015557765961,0.716921746730804,0.731382071971893,52.5701637268066,65.0131301879883
"540",30905,"Wellington","TX",8490,NA,NA,NA,NA,57.4216346740723,66.7728118896484
"541",30906,"Memphis","TX",9400,NA,NA,NA,NA,50.7721099853516,68.3510360717773
"542",30907,"Matador","TX",1426,NA,NA,NA,NA,NA,NA
"543",30908,"Plainview","TX",52751,0.337854951620102,0.749758780002594,0.506372094154358,0.890231251716614,47.0538444519043,62.9485092163086
"544",31001,"Garden City","KS",52031,0.363647639751434,0.314106345176697,1.37561237812042,1.29291868209839,50.5137939453125,60.0500144958496
"545",31002,"Ulysses","KS",15778,NA,NA,NA,NA,54.4562034606934,64.8870468139648
"546",31003,"Scott City","KS",9185,NA,NA,NA,NA,59.1147575378418,65.6996917724609
"547",31004,"Liberal","KS",32998,-2.41621923446655,-4.48012685775757,5.38086891174316,3.3270525932312,54.6461524963379,64.8780517578125
"548",31005,"Perryton","TX",17432,NA,NA,NA,NA,59.9406776428223,69.8238906860352
"549",31006,"Guymon","OK",29937,-1.73542141914368,-2.06641387939453,6.57233095169067,5.784339427948,56.9096374511719,63.6948738098145
"550",31007,"Dumas","TX",31880,-1.02869868278503,0.629348456859589,1.05235469341278,1.20936381816864,52.4520606994629,64.6261749267578
"551",31101,"Victoria","TX",165277,-0.219446614384651,-0.458454072475433,0.331378757953644,0.376915156841278,46.9010238647461,61.9307060241699
"552",31102,"La Grange","TX",42194,0.0291884634643793,0.196636721491814,0.517302095890045,0.687701940536499,50.4355163574219,66.3029479980469
"553",31103,"Gonzales","TX",18628,NA,NA,NA,NA,45.0708847045898,61.4394874572754
"554",31201,"Austin","TX",1298076,-0.170756503939629,-0.171535417437553,0.117854535579681,0.097084641456604,42.4378356933594,55.2545738220215
"555",31202,"Burnet","TX",51191,-0.165743321180344,0.583691656589508,0.516283094882965,0.367248028516769,46.199104309082,60.0866012573242
"556",31301,"San Antonio","TX",1724863,-0.205736547708511,-0.0669964924454689,0.105347752571106,0.0945060253143311,42.6911277770996,55.3343391418457
"557",31302,"Beeville","TX",47805,0.959957003593445,-1.05721926689148,0.501198947429657,1.1008152961731,47.5334854125977,63.3412895202637
"558",31303,"Kerrville","TX",64467,-0.200047314167023,1.28895568847656,0.507509887218475,0.581072151660919,47.0758628845215,58.8144989013672
"559",31304,"Mason","TX",3738,NA,NA,NA,NA,NA,NA
"560",31401,"Midland","TX",262282,0.834689199924469,0.142687886953354,0.292865842580795,0.235521391034126,52.8898963928223,64.1684799194336
"561",31402,"Pecos","TX",31286,1.28067660331726,0.382468312978745,0.601572871208191,1.02289569377899,56.4589691162109,64.7866668701172
"562",31403,"Fort Stockton","TX",20908,NA,NA,NA,NA,56.6343536376953,65.579475402832
"563",31404,"Alpine","TX",18377,NA,NA,NA,NA,50.7059288024902,57.8512382507324
"564",31501,"Crystal City","TX",21848,NA,NA,NA,NA,45.4669075012207,56.8837814331055
"565",31502,"Pearsall","TX",22118,NA,NA,NA,NA,46.9062919616699,58.2832336425781
"566",31503,"Laredo","TX",210580,-0.133157446980476,0.316060453653336,0.299127101898193,0.566190719604492,45.1447448730469,52.3945274353027
"567",31600,"Brownsville","TX",978369,0.113269440829754,-0.0951138138771057,0.146894499659538,0.255016058683395,45.3228950500488,51.8633193969727
"568",31700,"Corpus Christi","TX",503493,0.270121932029724,-0.0227112621068954,0.17640420794487,0.203772589564323,45.1255073547363,56.4523048400879
"569",31800,"College Station","TX",208437,-0.536768555641174,-0.0576406680047512,0.234117671847343,0.338982909917831,43.6601943969727,58.9784851074219
"570",31900,"Pearland","TX",320912,0.0639624372124672,-0.15132600069046,0.195567294955254,0.190485209226608,48.1317901611328,60.4067077636719
"571",32000,"Houston","TX",4504013,-0.0390238203108311,0.0331411026418209,0.0649381503462791,0.0609564930200577,44.2549667358398,57.2447357177734
"572",32100,"Beaumont","TX",497770,0.27682814002037,0.389357149600983,0.198671624064445,0.240097776055336,45.1727333068848,60.2194557189941
"573",32201,"Huntsville","TX",191792,-0.294387310743332,0.0544542968273163,0.237201720476151,0.343386501073837,43.8801193237305,60.2354736328125
"574",32202,"Nacogdoches","TX",103842,0.352254003286362,0.419876724481583,0.324973106384277,0.555187046527863,45.7505149841309,61.8411903381348
"575",32301,"San Angelo","TX",113973,-0.331187784671783,-0.808000028133392,0.44792640209198,0.579321622848511,44.4891319274902,59.0918769836426
"576",32302,"Brady","TX",23666,NA,NA,NA,NA,50.0950927734375,67.3056564331055
"577",32303,"Junction","TX",6828,NA,NA,NA,NA,46.4655570983887,65.1559600830078
"578",32304,"Uvalde","TX",35212,0.621746122837067,0.9469153881073,0.956576585769653,0.863976120948792,46.4238204956055,62.8519859313965
"579",32305,"Del Rio","TX",49316,0.935244083404541,-1.64783906936646,0.799450635910034,1.19386947154999,47.804027557373,56.4435691833496
"580",32306,"Eagle Pass","TX",47297,-0.354823529720306,-2.56289863586426,0.649984955787659,2.24523115158081,47.3819961547852,54.1151428222656
"581",32401,"Big Spring","TX",54073,1.43525576591492,1.35406363010406,0.836981534957886,1.06031823158264,49.5897636413574,66.5720062255859
"582",32402,"Sweetwater","TX",20146,NA,NA,NA,NA,49.6479606628418,65.8392562866211
"583",32403,"Snyder","TX",26918,3.34068036079407,0.880175232887268,1.85762798786163,1.89820897579193,55.0159721374512,64.8914489746094
"584",32501,"Abilene","TX",191518,0.765900075435638,0.704744040966034,0.358325600624084,0.335772722959518,48.0510406494141,62.4232444763184
"585",32502,"Childress","TX",9592,NA,NA,NA,NA,49.376880645752,67.0658493041992
"586",32503,"Haskell","TX",15157,NA,NA,NA,NA,51.0284423828125,66.5787582397461
"587",32601,"Wichita Falls","TX",151524,0.166178002953529,-0.58930629491806,0.555959820747375,0.445698201656342,46.984748840332,62.2627449035645
"588",32602,"Graham","TX",28556,0.243740186095238,0.823513507843018,0.75959450006485,0.776134252548218,55.5350074768066,67.2789077758789
"589",32603,"Seymour","TX",4093,NA,NA,NA,NA,NA,NA
"590",32604,"Vernon","TX",21022,NA,NA,NA,NA,47.3618507385254,61.9393119812012
"591",32701,"Brownwood","TX",58246,0.693882882595062,-0.126874312758446,0.53691166639328,0.895915985107422,47.6520233154297,60.7702713012695
"592",32702,"Stephenville","TX",55256,-0.292530864477158,-0.0278317909687757,0.711698591709137,0.738260447978973,51.668140411377,64.2811050415039
"593",32801,"Waco","TX",281618,0.186592742800713,-0.0732605159282684,0.209812566637993,0.298238128423691,42.3315773010254,60.4529647827148
"594",32802,"Corsicana","TX",100377,-0.0248212274163961,0.663511216640472,0.312829434871674,0.447231471538544,46.5451354980469,63.7033958435059
"595",32900,"Killeen","TX",330714,-0.0662762001156807,0.325377136468887,0.204700440168381,0.253172427415848,43.1298370361328,57.2031402587891
"596",33000,"Fort Worth","TX",1804370,0.121059730648994,0.0987440049648285,0.0966928154230118,0.0853915885090828,44.8201560974121,58.4099273681641
"597",33100,"Dallas","TX",3405666,-0.0265373308211565,0.00806628447026014,0.0767610669136047,0.0621384158730507,42.8767700195312,56.9748229980469
"598",33200,"Paris","TX",185835,0.170650810003281,0.466072261333466,0.200404509902,0.355956047773361,44.8549575805664,61.7448921203613
"599",33300,"Tyler","TX",434643,0.499253511428833,0.0523791871964931,0.180917739868164,0.196696579456329,45.8395042419434,60.3778305053711
"600",33400,"Longview","TX",289849,0.338396698236465,0.277660846710205,0.212409973144531,0.303507089614868,46.4557914733887,62.0222663879395
"601",33500,"Texarkana","TX",235988,-0.137957513332367,0.0400551296770573,0.227846562862396,0.446390748023987,43.9095420837402,60.451717376709
"602",33601,"Lawton","OK",171610,-0.00154091033618897,0.442420601844788,0.385716497898102,0.484729737043381,47.385871887207,60.6554107666016
"603",33602,"Altus","OK",48010,1.71890735626221,0.558098018169403,0.79530268907547,1.26293814182281,49.5758781433105,62.0767593383789
"604",33603,"Frederick","OK",9287,NA,NA,NA,NA,48.416446685791,64.8537445068359
"605",33700,"Ardmore","OK",117982,-0.0654814541339874,1.96542406082153,0.38234269618988,0.530771315097809,49.8894081115723,63.1464576721191
"606",33801,"Elk City","OK",60885,0.451397240161896,0.0137925697490573,0.582447469234467,1.03144240379333,55.6227722167969,67.8252258300781
"607",33802,"Chickasha","OK",75666,-0.24876843392849,-0.545553803443909,0.409308701753616,0.546157717704773,48.6516647338867,65.2139739990234
"608",33803,"Oklahoma City","OK",1154246,-0.0356944426894188,0.277275204658508,0.133276134729385,0.160967946052551,44.688793182373,58.8617782592773
"609",33901,"Ada","OK",69207,0.420587092638016,1.93170475959778,0.403580248355865,0.777701318264008,50.0356216430664,64.2160873413086
"610",33902,"Sherman","TX",178371,0.127190962433815,0.27720645070076,0.262256383895874,0.259836792945862,45.8818321228027,60.043399810791
"611",34001,"Hot Springs","AR",210357,0.0311548970639706,-0.303264766931534,0.320095360279083,0.483237534761429,43.4880638122559,58.2804718017578
"612",34002,"Idabel","OK",97397,0.605534136295319,-0.376180052757263,0.482593774795532,1.10944664478302,46.8185882568359,61.2378730773926
"613",34101,"Sand Point","AK",2697,NA,NA,NA,NA,NA,NA
"614",34102,"Anchorage","AK",369296,0.0293124113231897,0.204679027199745,0.31298491358757,0.225018456578255,50.8093223571777,59.6604881286621
"615",34103,"Valdez","AK",10195,NA,NA,NA,NA,48.1276702880859,60.2547760009766
"616",34104,"Bristol Bay","AK",1258,NA,NA,NA,NA,NA,NA
"617",34105,"Kotzebue","AK",7208,NA,NA,NA,NA,36.909481048584,50.1311187744141
"618",34106,"Nome","AK",9196,NA,NA,NA,NA,34.6030311584473,53.7093467712402
"619",34107,"Dillingham","AK",6745,NA,NA,NA,NA,42.443717956543,57.6811103820801
"620",34108,"Kodiak","AK",13913,NA,NA,NA,NA,49.6250839233398,58.529670715332
"621",34109,"Juneau","AK",37347,-0.369440734386444,0.697073459625244,1.21430611610413,0.712122440338135,45.9257392883301,55.828311920166
"622",34110,"Sitka","AK",15519,NA,NA,NA,NA,45.8176765441895,53.765941619873
"623",34111,"Ketchikan","AK",20216,NA,NA,NA,NA,43.8856735229492,54.1701545715332
"624",34112,"Bethel","AK",23034,NA,NA,NA,NA,35.6703186035156,49.4258689880371
"625",34113,"Barrow","AK",7385,NA,NA,NA,NA,38.845329284668,53.6340980529785
"626",34114,"Unalaska","AK",5465,NA,NA,NA,NA,NA,NA
"627",34115,"Fairbanks","AK",97458,-0.927339911460876,0.215386778116226,0.671095430850983,0.523678660392761,49.5528945922852,59.7346420288086
"628",34201,"Havre","MT",25840,1.86191773414612,-0.0704173296689987,2.03215503692627,1.82355618476868,44.8540878295898,60.9784851074219
"629",34202,"Shelby","MT",24938,NA,NA,NA,NA,38.6734237670898,59.5238952636719
"630",34203,"Great Falls","MT",95101,0.965835571289062,0.377074360847473,0.724838078022003,0.764981329441071,49.0095443725586,58.4179382324219
"631",34204,"Lewistown","MT",12386,NA,NA,NA,NA,53.1854133605957,60.7634811401367
"632",34301,"Cody","WY",37247,-0.958950519561768,2.85018682479858,2.81994700431824,5.72209739685059,55.1281394958496,61.0747604370117
"633",34302,"Worland","WY",13171,NA,NA,NA,NA,54.6167602539062,63.9944381713867
"634",34303,"Riverton","WY",35804,2.32546377182007,0.528225481510162,1.77461969852448,2.02682065963745,46.922492980957,62.519847869873
"635",34304,"Sheridan","WY",46306,0.322976052761078,-0.268030852079391,1.08338403701782,1.29466307163239,46.3826103210449,60.3513870239258
"636",34305,"Miles City","MT",12895,NA,NA,NA,NA,55.1317253112793,60.2487144470215
"637",34306,"Jordan","MT",1279,NA,NA,NA,NA,NA,NA
"638",34307,"Colstrip","MT",12102,NA,NA,NA,NA,42.0193405151367,62.0822143554688
"639",34308,"Billings","MT",152638,0.0897674560546875,-0.128999218344688,0.607034862041473,0.569137811660767,50.5725288391113,59.048885345459
"640",34309,"Harlowton","MT",4191,NA,NA,NA,NA,NA,NA
"641",34401,"Dillon","MT",9202,NA,NA,NA,NA,53.7831649780273,59.3554649353027
"642",34402,"Bozeman","MT",93985,0.459746301174164,-1.03102076053619,0.686906635761261,0.658487915992737,50.93701171875,56.650016784668
"643",34403,"Helena","MT",70150,0.260600507259369,0.249706283211708,0.58931028842926,0.593773424625397,48.9357566833496,56.0094985961914
"644",34404,"Butte-Silver Bow","MT",54033,-0.213501080870628,-0.183100134134293,0.78403651714325,1.01621127128601,49.7317390441895,59.808910369873
"645",34501,"Bonners Ferry","ID",9871,NA,NA,NA,NA,50.3192558288574,58.5288238525391
"646",34502,"Libby","MT",18837,NA,NA,NA,NA,49.9371795654297,59.8195648193359
"647",34503,"Kalispell","MT",111205,0.415423780679703,-0.0271427091211081,0.387346506118774,0.530615925788879,48.0122947692871,56.2392807006836
"648",34504,"Missoula","MT",135756,-0.247604265809059,-0.818470478057861,0.362150967121124,0.430121272802353,47.4769744873047,54.7966842651367
"649",34601,"Gillette","WY",46229,1.8969007730484,1.11431729793549,1.2700514793396,0.963725209236145,60.9314041137695,67.6786575317383
"650",34602,"Rawlins","WY",15639,NA,NA,NA,NA,53.4363632202148,63.6492881774902
"651",34603,"Casper","WY",78585,1.24509966373444,-0.578561961650848,0.988996922969818,0.688796579837799,55.4826965332031,64.3395843505859
"652",34604,"Lusk","WY",2407,NA,NA,NA,NA,NA,NA
"653",34701,"Honolulu","HI",876156,0.159048169851303,-0.220320537686348,0.185082525014877,0.207068860530853,45.9497489929199,53.7663307189941
"654",34702,"Kapaa","HI",58463,0.409609824419022,-1.83930695056915,0.742403507232666,1.06674075126648,46.3321495056152,55.9154014587402
"655",34703,"Kahului","HI",128241,0.293078303337097,-0.27766340970993,0.410547077655792,0.601200580596924,44.4585838317871,54.4519119262695
"656",34801,"Las Vegas","NM",49495,0.542473971843719,0.396940737962723,0.522977292537689,0.834333539009094,43.6541213989258,55.4174842834473
"657",34802,"Santa Fe","NM",218804,0.434988737106323,-0.087229311466217,0.284259617328644,0.309076100587845,43.3211555480957,52.0356254577637
"658",34803,"Tucumcari","NM",10965,NA,NA,NA,NA,46.1944313049316,54.975528717041
"659",34804,"Clayton","NM",4174,NA,NA,NA,NA,NA,NA
"660",34805,"Alamosa","CO",46190,0.0249773412942886,0.248687148094177,0.632151901721954,1.25429427623749,48.7650337219238,60.4167785644531
"661",34901,"Albuquerque","NM",755244,-0.111701987683773,-0.263813227415085,0.158233940601349,0.16201439499855,42.6274948120117,53.850227355957
"662",34902,"Socorro","NM",21621,NA,NA,NA,NA,42.9337463378906,56.0678977966309
"663",35001,"Phoenix","AZ",3303211,0.000358147866791114,0.0427240431308746,0.0626248195767403,0.0713979229331017,44.6912727355957,56.3550758361816
"664",35002,"Safford","AZ",42036,-0.209830775856972,1.13074481487274,0.506905913352966,0.755194365978241,45.9361724853516,63.276439666748
"665",35100,"Tucson","AZ",999882,-0.136255949735641,-0.0377093516290188,0.105350270867348,0.12823760509491,42.9035987854004,53.8684730529785
"666",35201,"Grand Junction","CO",187857,0.525077879428864,-0.0524437166750431,0.319995075464249,0.309014707803726,52.0649185180664,60.3643035888672
"667",35202,"Gunnison","CO",14746,NA,NA,NA,NA,51.4311027526855,57.6576499938965
"668",35300,"Farmington","NM",168198,-0.271344989538193,0.00458472780883312,0.264983534812927,0.38893848657608,46.2905387878418,56.2715339660645
"669",35401,"Flagstaff","AZ",289883,0.0386588051915169,-0.206671044230461,0.191142275929451,0.202639758586884,45.2831726074219,55.7667846679688
"670",35402,"Cortez","CO",40087,-0.164195984601974,0.599998831748962,0.796990513801575,1.11941063404083,51.5671997070312,60.0860633850098
"671",35500,"Gallup","AZ",241691,-0.369305610656738,-0.0719507411122322,0.174466654658318,0.234909325838089,36.3753280639648,50.6851463317871
"672",35600,"Hilo","HI",148677,0.0849194824695587,-0.66565352678299,0.318052709102631,0.403596550226212,43.2989654541016,52.8087043762207
"673",35701,"Twin Falls","ID",120807,0.759714901447296,-0.0508658140897751,0.365488082170486,0.53578919172287,50.932502746582,58.010627746582
"674",35702,"Burley","ID",41590,0.127272099256516,0.737119197845459,0.575304210186005,0.994954764842987,53.4458770751953,62.3254432678223
"675",35801,"Boise City","ID",493970,0.0515958145260811,-0.316058903932571,0.216559782624245,0.185533836483955,46.6519813537598,55.9246978759766
"676",35802,"Ontario","OR",62170,0.405155122280121,-1.24779224395752,0.462057828903198,0.696887671947479,46.8327674865723,58.5740432739258
"677",35803,"McCall","ID",11127,NA,NA,NA,NA,48.2456016540527,55.6246109008789
"678",35901,"St. George","UT",130138,-0.472125589847565,-0.417472541332245,0.297857493162155,0.273594826459885,51.647590637207,59.3070411682129
"679",35902,"Price","UT",54045,0.122560150921345,1.16780281066895,0.444972902536392,0.435549885034561,55.0518264770508,63.6542930603027
"680",35903,"Moab","UT",8485,NA,NA,NA,NA,54.4602241516113,61.8809471130371
"681",35904,"Richfield","UT",25012,0.920840442180634,0.273651212453842,0.715259611606598,0.966923356056213,55.6098785400391,63.8577194213867
"682",35905,"Loa","UT",2509,NA,NA,NA,NA,NA,NA
"683",36000,"Provo","UT",389179,0.315425604581833,0.10670693218708,0.236156091094017,0.180734515190125,53.2837600708008,59.6158828735352
"684",36100,"Salt Lake City","UT",1426729,0.0627715885639191,0.0525954253971577,0.121103420853615,0.104005992412567,50.897289276123,60.5148620605469
"685",36200,"Logan","UT",149590,0.195275396108627,-0.232921957969666,0.341895490884781,0.290493667125702,55.8327560424805,61.3473167419434
"686",36301,"Pocatello","ID",269722,0.0984533578157425,-0.0242671836167574,0.29673045873642,0.267767637968063,49.5746955871582,57.4471168518066
"687",36302,"Salmon","ID",12148,NA,NA,NA,NA,53.3280181884766,54.5443458557129
"688",36303,"Jackson","WY",24250,NA,NA,NA,NA,53.6637954711914,56.5069732666016
"689",36401,"Steamboat Springs","CO",38860,0.288854420185089,0.491706073284149,0.928896486759186,0.67812168598175,58.7975959777832,61.5777397155762
"690",36402,"Vernal","UT",39595,0.870129764080048,0.658088505268097,0.661408185958862,0.941234052181244,60.7700080871582,71.2255935668945
"691",36403,"Soda Springs","ID",13715,NA,NA,NA,NA,57.1323280334473,64.4774475097656
"692",36404,"Rock Springs","WY",80730,0.103137239813805,0.0407067649066448,0.656710743904114,0.525942742824554,56.4431076049805,65.7311019897461
"693",36501,"Klamath Falls","CA",151353,0.372302860021591,0.0332679934799671,0.258577823638916,0.365857511758804,47.1128768920898,58.755443572998
"694",36502,"Burns","OR",7609,NA,NA,NA,NA,51.1588172912598,60.5680465698242
"695",36503,"Lakeview","OR",7422,NA,NA,NA,NA,48.7656326293945,63.6496772766113
"696",36600,"Redding","CA",219295,0.0822747871279716,0.0888358801603317,0.210237562656403,0.256541579961777,45.131965637207,56.1253852844238
"697",36700,"Eureka","CA",139540,0.280000686645508,0.168772995471954,0.335840344429016,0.414400219917297,40.7692260742188,52.8573684692383
"698",36800,"Medford","OR",256995,-0.21517725288868,0.2621950507164,0.208029583096504,0.242386624217033,44.5187759399414,53.8971862792969
"699",36901,"Crescent City","CA",48644,-0.0779732316732407,0.306644350290298,0.66951858997345,1.10041356086731,42.0529479980469,53.8384895324707
"700",36902,"Roseburg","OR",163178,0.0498440824449062,-0.0474392175674438,0.250977903604507,0.334247529506683,44.0152053833008,55.5820350646973
"701",37000,"Modesto","CA",729182,-0.00356712657958269,-0.284146785736084,0.119474492967129,0.162547156214714,45.1362190246582,54.8088340759277
"702",37100,"Bakersfield","CA",661645,0.0280975811183453,-0.175022393465042,0.124946154654026,0.190602317452431,47.6775360107422,57.6173477172852
"703",37200,"Fresno","CA",1419998,-0.377005964517593,-0.238366350531578,0.0995947867631912,0.122933872044086,43.5299377441406,54.6876792907715
"704",37300,"Chico","CA",387577,0.0723474025726318,-0.0945306122303009,0.195020541548729,0.229224339127541,45.2572898864746,54.58544921875
"705",37400,"Sacramento","CA",2570609,-0.0118546495214105,-0.231113210320473,0.0861320868134499,0.0748386383056641,45.0362510681152,54.4642944335938
"706",37500,"San Jose","CA",2393183,-0.0105232363566756,-0.103780888020992,0.112316124141216,0.079040490090847,46.7757987976074,54.1992874145508
"707",37601,"Elko","NV",61917,0.774983763694763,-0.208546206355095,0.526308596134186,0.426065862178802,51.6032676696777,64.6005477905273
"708",37602,"Winnemucca","NV",22799,NA,NA,NA,NA,52.9554672241211,64.2200622558594
"709",37603,"Portola","CA",24379,NA,NA,NA,NA,47.485164642334,55.7432289123535
"710",37604,"Reno","NV",453825,0.259681820869446,-0.525971949100494,0.18303781747818,0.176383018493652,46.357063293457,55.3259658813477
"711",37700,"Santa Rosa","CA",603188,-0.116651825606823,-0.122947938740253,0.194864243268967,0.159531205892563,45.0721778869629,53.801082611084
"712",37800,"San Francisco","CA",4642561,0.0169681217521429,-0.114686213433743,0.092528335750103,0.0669697597622871,45.5503768920898,54.259521484375
"713",37901,"Las Vegas","NV",1568418,0.0881482064723969,-0.119579583406448,0.0808725878596306,0.0805927887558937,44.3701133728027,55.717945098877
"714",37902,"Reno","NV",5071,NA,NA,NA,NA,NA,NA
"715",37903,"Mammoth Lakes","CA",30798,0.0445574522018433,-0.0404367595911026,0.81012088060379,0.705892026424408,47.7814521789551,58.4793434143066
"716",38000,"San Diego","CA",2813833,0.0537675432860851,-0.154408112168312,0.0747371837496758,0.072529174387455,46.2336311340332,54.2127532958984
"717",38100,"Yuma","CA",302387,-0.21551302075386,-0.272639900445938,0.175412103533745,0.328518569469452,46.9014205932617,55.8856201171875
"718",38200,"Santa Barbara","CA",646028,-0.0399004854261875,-0.373793125152588,0.16507326066494,0.174120277166367,47.2704658508301,53.9607772827148
"719",38300,"Los Angeles","CA",16393360,-0.170313075184822,-0.27331605553627,0.0425704196095467,0.0452540144324303,44.8019828796387,52.69482421875
"720",38401,"Lewiston","ID",88546,1.36962497234344,0.0055182995274663,0.48664054274559,0.571932137012482,48.3149948120117,58.7721099853516
"721",38402,"Pullman","WA",75675,1.44760382175446,0.216261610388756,0.578979969024658,0.622343420982361,52.8269119262695,57.9139289855957
"722",38501,"Moses Lake","WA",91126,0.426478385925293,-0.625128865242004,0.437784552574158,0.492801874876022,49.7450675964355,61.7504234313965
"723",38502,"Wenatchee","WA",99219,-0.216420948505402,-0.383994191884995,0.394817769527435,0.50911009311676,48.256103515625,57.4931678771973
"724",38601,"Spokane","WA",608317,-0.0198011212050915,0.0120284948498011,0.162342056632042,0.153599694371223,46.0993003845215,56.8755874633789
"725",38602,"Colville","WA",86890,0.00223071058280766,-0.0508144423365593,0.304547160863876,0.428502172231674,46.1401672363281,57.8032646179199
"726",38700,"Longview","WA",220580,0.358096301555634,0.0900129377841949,0.222611412405968,0.274606794118881,44.5238342285156,57.3738059997559
"727",38801,"Portland","OR",1842889,0.101674593985081,0.0351265855133533,0.121592745184898,0.110525608062744,44.7277641296387,54.4985084533691
"728",38802,"The Dalles","OR",65297,0.141448765993118,0.0990580320358276,0.555850446224213,0.577090680599213,46.8976020812988,56.1939964294434
"729",38901,"Eugene","OR",936387,-0.0533188693225384,0.258691906929016,0.135661259293556,0.150981113314629,44.1220245361328,54.911304473877
"730",38902,"Newport","OR",68741,-0.257738023996353,0.27926379442215,0.368806719779968,0.541019082069397,43.1534423828125,55.4828147888184
"731",39000,"Yakima","WA",255943,0.242885902523994,0.322918802499771,0.257432162761688,0.246420666575432,45.5333137512207,58.06005859375
"732",39100,"Kennewick","WA",332609,-0.170622989535332,0.0582522004842758,0.21584840118885,0.217318907380104,47.8728828430176,58.3222808837891
"733",39201,"La Grande","OR",41271,0.807065606117249,0.590210020542145,0.709943771362305,0.736703813076019,50.7604026794434,58.1161613464355
"734",39202,"Enterprise","OR",7226,NA,NA,NA,NA,51.7367172241211,56.450984954834
"735",39203,"Bend","OR",153558,0.189702376723289,-0.209817141294479,0.250043511390686,0.271897614002228,44.7608833312988,54.472843170166
"736",39204,"Condon","OR",3462,NA,NA,NA,NA,NA,NA
"737",39205,"John Day","OR",7935,NA,NA,NA,NA,51.8152503967285,59.458984375
"738",39301,"Friday Harbor","WA",14077,NA,NA,NA,NA,44.9800262451172,50.354434967041
"739",39302,"Bellingham","WA",166814,0.331190675497055,0.304431170225143,0.332953423261642,0.382079780101776,46.9307670593262,58.3452033996582
"740",39303,"Port Angeles","WA",90478,0.723374426364899,0.236162826418877,0.438395231962204,0.404725551605225,45.6684112548828,56.4398536682129
"741",39400,"Seattle","WA",3775744,0.228561446070671,0.046776469796896,0.0890303701162338,0.0728631988167763,46.5256958007812,56.6788520812988
